"351190465","£”Dè","2018","01","01",8.9,"",5.8,"",7.3,"",4.2,"",.0,"","W",0,"9",.0,"9",.0,"9",.4,"",.0,"9",.0,"9",.0,"9",.0,"9",.0,"9",.0,"9",.0,"9",.0,"9",.0,"9",.0,"9",.0,"9",.0,"9",.0,"9",3.0,"",.0,"9",0,"",0,"","R",0,"9",0,"9",0,""
"351190465","£”Dè","2018","01","02",6.2,"",-2.8,"",2.0,"",-5.1,"",.0,"","W",0,"9",.0,"9",3.3,"",2.9,"",.0,"9",.0,"9",.0,"9",.0,"9",11.1,"",.0,"9",.0,"9",.0,"9",.0,"9",.0,"9",.0,"9",.0,"9",.0,"9",1.5,"",7.0,"",0,"",0,"","Z",8,"",0,"9",0,""
"351190465","£”Dè","2018","01","03",4.0,"",.9,"",2.8,"",-.5,"",4.0,"","S",0,"9",.0,"9",2.7,"",3.3,"",.0,"9",3.6,"",.0,"9",.0,"9",11.5,"",.0,"9",.0,"9",.0,"9",.0,"9",.0,"9",.0,"9",.0,"9",.0,"9",.0,"9",.0,"9",0,"",0,"","R",0,"9",0,"9",0,""
"351190465","£”Dè","2018","01","04",7.4,"",2.8,"",5.6,"",2.3,"",.8,"","W",0,"9",.0,"9",1.6,"",1.9,"",.0,"9",.0,"9",.0,"9",.0,"9",.0,"9",.0,"9",.0,"9",.0,"9",.0,"9",.0,"9",.0,"9",.0,"9",.0,"9",.0,"9",.0,"9",0,"",0,"","R",0,"9",0,"9",0,""
"351190465","£”Dè","2018","01","05",8.6,"",3.6,"",6.7,"",2.7,"",.0,"","W",0,"9",.0,"9",1.4,"",2.0,"",.0,"9",.0,"9",.0,"9",.0,"9",.0,"9",.0,"9",.0,"9",.0,"9",.0,"9",.0,"9",.0,"9",.0,"9",.0,"9",.0,"9",.0,"9",0,"",0,"","R",0,"9",0,"9",0,""
"351190465","£”Dè","2018","01","06",9.4,"",.2,"",5.1,"",-3.3,"",.4,"","W",0,"9",.0,"9",1.7,"",.0,"9",.0,"9",.0,"9",.0,"9",5.9,"",1.9,"",.0,"9",.0,"9",.0,"9",.0,"9",.0,"9",.0,"9",.0,"9",.0,"9",.0,"9",.0,"9",0,"",0,"","R",0,"9",0,"9",0,""
"351190465","£”Dè","2018","01","07",4.9,"",-.9,"",2.0,"",-2.9,"",.5,"","S",0,"9",.0,"9",.0,"9",7.0,"",.1,"",.5,"",.0,"9",.9,"",6.4,"",.0,"9",.0,"9",.0,"9",.0,"9",.0,"9",.0,"9",.0,"9",.0,"9",.0,"9",3.0,"",0,"",0,"","R",0,"9",0,"9",0,""
"351190465","£”Dè","2018","01","08",.9,"",-5.4,"",-2.8,"",-8.7,"",.0,"9","",0,"9",.0,"9",5.6,"",.0,"9",.0,"9",.0,"9",.0,"9",.0,"9",4.3,"",.0,"9",.0,"9",.0,"9",.0,"9",.0,"9",.0,"9",.0,"9",.0,"9",.0,"9",17.0,"",0,"",0,"","Z",12,"",0,"9",0,""
"351190465","£”Dè","2018","01","09",2.6,"",-6.0,"",-1.0,"",-8.8,"",.0,"9","",0,"9",.0,"9",5.3,"",.0,"9",.0,"9",.0,"9",.0,"9",.0,"9",.0,"9",.0,"9",.0,"9",.0,"9",.0,"9",.0,"9",.0,"9",.0,"9",.0,"9",.0,"9",7.0,"",0,"",0,"","Z",17,"",0,"9",0,""
"351190465","£”Dè","2018","01","10",2.5,"",.4,"",1.1,"",-.2,"",.4,"","W",0,"9",.0,"9",.0,"9",7.0,"",.0,"9",.0,"9",.0,"9",.0,"9",4.7,"",.0,"9",.0,"9",.0,"9",.0,"9",.0,"9",.0,"9",.0,"9",.0,"9",.0,"9",.0,"9",0,"",0,"","R",13,"",4,"",0,""
"351190465","£”Dè","2018","01","11",.9,"",-.2,"",.2,"",-.8,"",.1,"","S",0,"9",.0,"9",.0,"9",6.6,"",.0,"9",.0,"9",.0,"9",.0,"9",24.0,"",.0,"9",12.1,"",.0,"9",.0,"9",.0,"9",.0,"9",.0,"9",.0,"9",.0,"9",.0,"9",0,"",0,"","Z",11,"",0,"9",0,""
"351190465","£”Dè","2018","01","12",.6,"",-2.1,"",-1.1,"",-2.1,"",.0,"","S",0,"",.0,"9",.0,"9",1.9,"",4.4,"",.0,"9",.0,"9",.0,"9",14.9,"",.0,"9",6.7,"",.0,"9",.0,"9",.0,"9",.0,"9",.0,"9",.0,"9",.0,"9",.0,"9",0,"",0,"","",9,"",0,"9",0,""
"351190465","£”Dè","2018","01","13",-.3,"",-2.7,"",-1.8,"",-3.5,"",.0,"9","",0,"9",.0,"9",.1,"",.0,"9",.0,"9",.0,"9",.0,"9",.0,"9",.0,"9",.0,"9",.0,"9",.0,"9",.0,"9",.0,"9",.0,"9",.0,"9",.0,"9",.0,"9",.0,"9",0,"",0,"","Z",13,"",0,"9",0,""
"351190465","£”Dè","2018","01","14",-1.9,"",-6.4,"",-4.8,"",-7.5,"",.0,"9","",0,"9",.0,"9",.5,"",.0,"9",.0,"9",.0,"9",.0,"9",.0,"9",.0,"9",.0,"9",.0,"9",.0,"9",.0,"9",.0,"9",.0,"9",.0,"9",.0,"9",.0,"9",.0,"9",0,"",0,"","Z",17,"",0,"9",0,""
"351190465","£”Dè","2018","01","15",-3.6,"",-8.1,"",-6.1,"",-9.3,"",.0,"9","",0,"9",.0,"9",7.4,"",.0,"9",.0,"9",.0,"9",.0,"9",.0,"9",2.5,"",.0,"9",.0,"9",.0,"9",.0,"9",.0,"9",.0,"9",.0,"9",.0,"9",.0,"9",6.0,"",0,"",0,"","Z",20,"",0,"9",0,""
"351190465","£”Dè","2018","01","16",-.5,"",-6.9,"",-3.3,"",-7.8,"",2.5,"","S",0,"9",.0,"9",.0,"9",.0,"9",12.0,"",.0,"9",.0,"9",.0,"9",19.0,"",.0,"9",.0,"9",3.0,"",.0,"9",.0,"9",.0,"9",.0,"9",.0,"9",.0,"9",.0,"9",0,"",0,"","Z",27,"",0,"9",0,""
"351190465","£”Dè","2018","01","17",2.3,"",-.6,"",.6,"",-3.7,"",1.5,"","S",4,"",.0,"9",1.5,"",.0,"9",7.9,"",.0,"9",.0,"9",.0,"9",7.5,"",.0,"9",.0,"9",.0,"9",.0,"9",.0,"9",.0,"9",.0,"9",.0,"9",.0,"9",.0,"9",1,"",0,"","Z",24,"",0,"9",0,""
"351190465","£”Dè","2018","01","18",1.6,"",-.2,"",.7,"",-.7,"",6.1,"","S",7,"",1.9,"",1.0,"",4.3,"",6.6,"",1.5,"",.0,"9",.0,"9",6.2,"",.0,"9",.0,"9",.0,"9",.0,"9",.0,"9",.5,"",.0,"9",.0,"9",.0,"9",.0,"9",1,"",0,"","Z",25,"",0,"9",0,""
"351190465","£”Dè","2018","01","19",2.7,"",.2,"",.6,"",.0,"",.2,"","S",8,"",2.0,"",.0,"9",.0,"9",6.7,"",.2,"",.0,"9",.0,"9",5.3,"",.0,"9",.0,"9",.0,"9",.0,"9",.0,"9",4.6,"",.0,"9",.0,"9",.0,"9",.0,"9",1,"",0,"","Z",23,"",0,"9",0,""
"351190465","£”Dè","2018","01","20",1.0,"",-1.6,"",-.1,"",-4.6,"",1.3,"","S",8,"",2.4,"",.0,"9",.0,"9",11.0,"",.0,"9",.0,"9",.0,"9",24.0,"",.0,"9",.0,"9",.0,"9",.0,"9",.0,"9",.0,"9",.0,"9",.0,"9",.0,"9",.0,"9",1,"",0,"","Z",23,"",0,"9",0,""
"351190465","£”Dè","2018","01","21",.0,"",-8.2,"",-2.9,"",-14.2,"",.0,"","S",10,"",1.9,"",2.5,"",.0,"9",.8,"",.0,"9",.0,"9",6.0,"",17.2,"",22.8,"",.0,"9",.0,"9",.0,"9",.0,"9",.0,"9",.0,"9",.0,"9",.0,"9",.0,"9",1,"",0,"","",20,"",0,"9",0,""
"351190465","£”Dè","2018","01","22",-1.1,"",-5.2,"",-3.5,"",-8.3,"",.0,"9","",10,"",1.6,"",.2,"",.0,"9",.0,"9",.0,"9",.0,"9",.0,"9",20.7,"",6.0,"",.0,"9",.0,"9",.0,"9",.0,"9",.0,"9",.0,"9",.0,"9",.0,"9",.0,"9",1,"",0,"","Z",16,"",0,"9",0,""
"351190465","£”Dè","2018","01","23",-1.5,"",-6.4,"",-3.5,"",-9.8,"",.0,"9","",10,"",2.0,"",3.3,"",.0,"9",.0,"9",.0,"9",.0,"9",.0,"9",24.0,"",.0,"9",.0,"9",.0,"9",.0,"9",.0,"9",.0,"9",.0,"9",.0,"9",.0,"9",8.0,"",1,"",0,"","Z",17,"",0,"9",0,""
"351190465","£”Dè","2018","01","24",4.4,"",-2.7,"",1.4,"",-5.6,"",.0,"","W",9,"",2.6,"",.0,"9",2.3,"",.0,"9",.0,"9",.0,"9",.0,"9",19.8,"",.0,"9",.0,"9",.0,"9",.0,"9",.0,"9",.0,"9",.0,"9",.0,"9",.0,"9",.0,"9",1,"",0,"","Z",18,"",0,"9",0,""
"351190465","£”Dè","2018","01","25",6.5,"",2.9,"",4.8,"",2.0,"",.0,"9","",3,"",.0,"9",1.8,"",.0,"9",.0,"9",.0,"9",.0,"9",.0,"9",.0,"9",.0,"9",.0,"9",.0,"9",.0,"9",.0,"9",.0,"9",.0,"9",.0,"9",.0,"9",.0,"9",1,"",0,"","R",14,"",8,"",0,""
"351190465","£”Dè","2018","01","26",5.2,"",.0,"",2.4,"",-2.6,"",.0,"","W",0,"9",.0,"9",.4,"",.0,"9",.0,"9",.0,"9",.0,"9",.0,"9",11.4,"",.0,"9",.0,"9",.0,"9",.0,"9",.0,"9",.0,"9",.0,"9",.0,"9",.0,"9",6.5,"",0,"",0,"","Z",14,"",0,"9",0,""
"351190465","£”Dè","2018","01","27",3.3,"",-1.3,"",2.1,"",-4.3,"",1.2,"","W",0,"9",.0,"9",.0,"9",9.8,"",.0,"9",.0,"9",.0,"9",17.7,"",6.3,"",.0,"9",.0,"9",.0,"9",.0,"9",.0,"9",.0,"9",.0,"9",.0,"9",.0,"9",1.0,"",0,"",0,"","R",13,"",5,"",0,""
"351190465","£”Dè","2018","01","28",5.9,"",2.4,"",4.3,"",1.7,"",4.6,"","W",0,"9",.0,"9",.0,"9",8.1,"",.0,"9",.0,"9",.0,"9",.0,"9",13.4,"",.0,"9",.0,"9",.0,"9",.0,"9",.0,"9",.0,"9",.0,"9",.0,"9",.0,"9",.0,"9",0,"",0,"","R",0,"9",0,"9",0,""
"351190465","£”Dè","2018","01","29",9.5,"",5.7,"",8.0,"",4.9,"",2.2,"","W",0,"9",.0,"9",.0,"9",9.1,"",.0,"9",.0,"9",.0,"9",.0,"9",6.8,"",.0,"9",.0,"9",.0,"9",.0,"9",.0,"9",5.9,"",.0,"9",.0,"9",.0,"9",.0,"9",0,"",0,"","R",0,"9",0,"9",0,""
"351190465","£”Dè","2018","01","30",9.2,"",3.0,"",4.2,"",1.7,"",.1,"","W",0,"9",.0,"9",.1,"",3.7,"",.0,"9",.0,"9",.0,"9",.0,"9",.0,"9",.0,"9",.0,"9",.0,"9",.0,"9",.0,"9",7.8,"",.0,"9",.0,"9",.0,"9",.0,"9",0,"",0,"","R",0,"9",0,"9",0,""
"351190465","£”Dè","2018","01","31",5.8,"",-.9,"",3.1,"",-2.2,"",1.3,"","W",0,"9",.0,"9",5.5,"",2.1,"",.0,"9",.0,"9",.0,"9",.0,"9",.0,"9",.0,"9",.0,"9",.0,"9",.0,"9",.0,"9",.0,"9",.0,"9",.0,"9",.0,"9",.0,"9",0,"",0,"","Z",8,"",0,"9",0,""
"351190465","£”Dè","2018","02","01",5.8,"",3.0,"",4.1,"",2.4,"",4.2,"","W",0,"9",.0,"9",.0,"9",19.5,"",.0,"9",.0,"9",.0,"9",.0,"9",14.5,"",.0,"9",.0,"9",.0,"9",.0,"9",.0,"9",.0,"9",.0,"9",.0,"9",.0,"9",.0,"9",0,"",0,"","R",0,"9",0,"9",0,""
"351190465","£”Dè","2018","02","02",4.0,"",.1,"",1.5,"",-2.6,"",.0,"9","",0,"9",.0,"9",.1,"",.0,"9",.0,"9",.0,"9",.0,"9",.8,"",18.3,"",.0,"9",.0,"9",.0,"9",.0,"9",.0,"9",.0,"9",.0,"9",.0,"9",.0,"9",3.3,"",0,"",0,"","Z",7,"",0,"9",0,""
"351190465","£”Dè","2018","02","03",5.6,"",-5.4,"",.3,"",-8.3,"",.0,"","S",0,"9",.0,"9",6.3,"",.0,"9",.0,"9",.0,"9",.0,"9",.0,"9",17.0,"",.0,"9",.0,"9",.0,"9",.0,"9",.0,"9",.0,"9",.0,"9",.0,"9",.0,"9",6.0,"",0,"",0,"","",10,"",0,"9",0,""
"351190465","£”Dè","2018","02","04",1.9,"",-1.0,"",-.2,"",-1.7,"",.0,"","S",0,"9",.0,"9",.4,"",.0,"9",1.4,"",.0,"9",.0,"9",.0,"9",9.5,"",.0,"9",.0,"9",.0,"9",.0,"9",.0,"9",.0,"9",.0,"9",.0,"9",.0,"9",.0,"9",0,"",0,"","",8,"",0,"9",0,""
"351190465","£”Dè","2018","02","05",-.7,"",-5.6,"",-3.5,"",-7.6,"",.0,"","S",0,"9",.0,"9",5.7,"",.0,"9",2.8,"",.0,"9",.0,"9",.0,"9",.0,"9",.0,"9",.0,"9",.0,"9",.0,"9",.0,"9",.0,"9",.0,"9",.0,"9",.0,"9",1.0,"",0,"",0,"","",11,"",0,"9",0,""
"351190465","£”Dè","2018","02","06",-.6,"",-8.3,"",-5.1,"",-11.1,"",.0,"9","",0,"9",.0,"9",3.5,"",.0,"9",.0,"9",.0,"9",.0,"9",.0,"9",14.0,"",.0,"9",.0,"9",.0,"9",.0,"9",.0,"9",.0,"9",.0,"9",.0,"9",.0,"9",17.0,"",0,"",0,"","Z",18,"",0,"9",0,""
"351190465","£”Dè","2018","02","07",1.2,"",-9.1,"",-3.1,"",-11.3,"",.0,"9","",0,"9",.0,"9",1.7,"",.0,"9",.0,"9",.0,"9",.0,"9",.0,"9",20.0,"",.0,"9",.0,"9",.0,"9",.0,"9",4.0,"",.0,"9",.0,"9",.0,"9",.0,"9",7.0,"",0,"",0,"","Z",20,"",0,"9",0,""
"351190465","£”Dè","2018","02","08",-1.3,"",-3.2,"",-2.5,"",-3.3,"",.0,"9","",0,"9",.0,"9",.0,"9",.0,"9",.0,"9",.0,"9",.0,"9",.0,"9",24.0,"",.0,"9",.0,"9",.0,"9",.0,"9",.0,"9",.0,"9",.0,"9",.0,"9",.0,"9",1.5,"",0,"",0,"","Z",20,"",0,"9",0,""
"351190465","£”Dè","2018","02","09",-1.7,"",-6.8,"",-4.5,"",-8.7,"",.0,"","S",0,"9",.0,"9",1.7,"",.0,"9",.2,"",.0,"9",.0,"9",.0,"9",24.0,"",.0,"9",.0,"9",.0,"9",.0,"9",.0,"9",.0,"9",.0,"9",.0,"9",.0,"9",8.0,"",0,"",0,"","",22,"",0,"9",0,""
"351190465","£”Dè","2018","02","10",-.2,"",-4.0,"",-2.4,"",-5.5,"",.0,"9","",0,"9",.0,"9",.8,"",.0,"9",.0,"9",.0,"9",.0,"9",.0,"9",24.0,"",.0,"9",.0,"9",.0,"9",.0,"9",.0,"9",.0,"9",.0,"9",.0,"9",.0,"9",.0,"9",0,"",0,"","Z",23,"",0,"9",0,""
"351190465","£”Dè","2018","02","11",1.0,"",-6.5,"",-1.8,"",-8.9,"",.2,"","S",0,"9",.0,"9",.8,"",.0,"9",.7,"",.0,"9",.0,"9",.0,"9",19.8,"",.0,"9",.0,"9",.0,"9",.0,"9",.0,"9",.0,"9",.0,"9",.0,"9",.0,"9",.0,"9",0,"",0,"","Z",23,"",0,"9",0,""
"351190465","£”Dè","2018","02","12",3.5,"",-1.3,"",.2,"",-5.3,"",.0,"","S",0,"",.0,"9",1.8,"",.0,"9",7.0,"",.0,"9",.0,"9",3.8,"",15.6,"",.0,"9",.0,"9",.0,"9",.0,"9",.0,"9",.0,"9",.0,"9",.0,"9",.0,"9",6.0,"",0,"",0,"","",23,"",0,"9",0,""
"351190465","£”Dè","2018","02","13",2.0,"",-6.5,"",-1.9,"",-9.6,"",.0,"","S",0,"9",.0,"9",.3,"",.0,"9",2.9,"",.0,"9",.0,"9",5.7,"",18.3,"",.0,"9",.0,"9",.0,"9",.0,"9",.0,"9",.0,"9",.0,"9",.0,"9",.0,"9",6.4,"",0,"",0,"","",23,"",0,"9",0,""
"351190465","£”Dè","2018","02","14",1.4,"",-3.7,"",-.9,"",-6.7,"",.1,"","S",0,"9",.0,"9",1.4,"",.0,"9",8.8,"",.0,"9",.0,"9",.0,"9",22.0,"",.0,"9",.0,"9",.0,"9",.0,"9",.0,"9",.0,"9",.0,"9",.0,"9",.0,"9",6.0,"",0,"",0,"","Z",23,"",0,"9",0,""
"351190465","£”Dè","2018","02","15",-.3,"",-3.2,"",-2.4,"",-3.1,"",.0,"","S",0,"",.0,"9",.0,"9",.0,"9",3.9,"",.0,"9",.0,"9",.0,"9",22.8,"",.0,"9",.0,"9",.0,"9",.0,"9",.0,"9",.0,"9",.0,"9",.0,"9",.0,"9",.0,"9",0,"",0,"","",23,"",0,"9",0,""
"351190465","£”Dè","2018","02","16",3.1,"",-2.7,"",-.1,"",-4.9,"",.0,"","S",0,"",.0,"9",1.7,"",.0,"9",2.2,"",.0,"9",.0,"9",.0,"9",14.8,"",.0,"9",.0,"9",.0,"9",.0,"9",.0,"9",.0,"9",.0,"9",.0,"9",.0,"9",2.3,"",0,"",0,"","",23,"",0,"9",0,""
"351190465","£”Dè","2018","02","17",3.5,"",-2.4,"",.4,"",-5.4,"",.0,"","S",0,"",.0,"9",.0,"9",.3,"",.0,"9",.0,"9",.0,"9",.0,"9",17.9,"",.0,"9",.0,"9",.0,"9",.0,"9",.0,"9",.0,"9",.0,"9",.0,"9",.0,"9",.0,"9",0,"",0,"","",23,"",0,"9",0,""
"351190465","£”Dè","2018","02","18",2.5,"",-.6,"",.2,"",-1.4,"",.0,"","S",0,"9",.0,"9",2.5,"",.0,"9",2.4,"",.0,"9",.0,"9",.0,"9",11.6,"",.0,"9",.0,"9",.0,"9",.0,"9",.0,"9",.0,"9",.0,"9",.0,"9",.0,"9",.0,"9",0,"",0,"","",23,"",0,"9",0,""
"351190465","£”Dè","2018","02","19",2.1,"",-1.4,"",-.2,"",-4.3,"",.0,"9","",0,"9",.0,"9",1.6,"",.0,"9",.0,"9",.0,"9",.0,"9",.0,"9",14.2,"",.0,"9",.0,"9",.0,"9",.0,"9",.0,"9",.0,"9",.0,"9",.0,"9",.0,"9",.0,"9",0,"",0,"","Z",23,"",0,"9",0,""
"351190465","£”Dè","2018","02","20",2.2,"",-5.9,"",-2.1,"",-9.0,"",.0,"9","",0,"9",.0,"9",8.8,"",.0,"9",.0,"9",.0,"9",.0,"9",.0,"9",5.3,"",.0,"9",.0,"9",.0,"9",.0,"9",.0,"9",.0,"9",.0,"9",.0,"9",.0,"9",9.0,"",0,"",0,"","Z",20,"",0,"9",0,""
"351190465","£”Dè","2018","02","21",1.4,"",-7.1,"",-3.1,"",-10.6,"",.0,"9","",0,"9",.0,"9",8.5,"",.0,"9",.0,"9",.0,"9",.0,"9",.0,"9",2.7,"",.0,"9",.0,"9",.0,"9",.0,"9",.0,"9",.0,"9",.0,"9",.0,"9",.0,"9",9.0,"",0,"",0,"","Z",23,"",0,"9",0,""
"351190465","£”Dè","2018","02","22",-.9,"",-8.9,"",-5.3,"",-12.4,"",.0,"9","",0,"9",.0,"9",5.6,"",.0,"9",.0,"9",.0,"9",.0,"9",.0,"9",7.1,"",.0,"9",.0,"9",.0,"9",.0,"9",.0,"9",.0,"9",.0,"9",.0,"9",.0,"9",6.0,"",0,"",0,"","Z",28,"",0,"9",0,""
"351190465","£”Dè","2018","02","23",-2.9,"",-10.3,"",-7.1,"",-12.9,"",.1,"","S",0,"9",.0,"9",4.2,"",.0,"9",1.6,"",.0,"9",.0,"9",.0,"9",12.4,"",.0,"9",.0,"9",.0,"9",.0,"9",.0,"9",.0,"9",.0,"9",.0,"9",.0,"9",11.5,"",0,"",0,"","Z",35,"",0,"9",0,""
"351190465","£”Dè","2018","02","24",-4.8,"",-12.0,"",-7.5,"",-15.7,"",.0,"","S",1,"",.0,"9",5.1,"",.0,"9",7.5,"",.0,"9",.0,"9",.0,"9",9.6,"",.0,"9",.0,"9",.0,"9",.0,"9",.0,"9",.6,"",.0,"9",.0,"9",.0,"9",1.6,"",1,"",0,"","",39,"",0,"9",0,""
"351190465","£”Dè","2018","02","25",-7.4,"",-15.3,"",-11.0,"",-18.1,"",.0,"","S",1,"",.0,"9",8.2,"",.0,"9",2.2,"",.0,"9",.0,"9",.0,"9",.0,"9",.0,"9",.0,"9",.0,"9",.0,"9",.0,"9",.0,"9",.0,"9",.0,"9",.0,"9",.0,"9",1,"",0,"","",46,"",0,"9",0,""
"351190465","£”Dè","2018","02","26",-9.1,"",-13.6,"",-11.5,"",-16.5,"",.0,"","S",1,"",.0,"9",.9,"",.0,"9",8.7,"",.0,"9",.0,"9",.0,"9",3.2,"",.0,"9",.0,"9",.0,"9",.0,"9",.0,"9",.0,"9",.0,"9",.0,"9",.0,"9",2.0,"",1,"",0,"","",47,"",0,"9",0,""
"351190465","£”Dè","2018","02","27",-9.5,"",-17.9,"",-13.0,"",-21.4,"",.0,"","S",0,"9",.0,"9",4.4,"",.0,"9",.9,"",.0,"9",.0,"9",.0,"9",8.0,"",.0,"9",.0,"9",.0,"9",.0,"9",.0,"9",.0,"9",.0,"9",.0,"9",.0,"9",10.0,"",0,"",0,"","",49,"",0,"9",0,""
"351190465","£”Dè","2018","02","28",-6.4,"",-14.0,"",-10.8,"",-14.7,"",.0,"","S",0,"9",.0,"9",7.4,"",.0,"9",.0,"9",.0,"9",.0,"9",.0,"9",.0,"9",.0,"9",.0,"9",.0,"9",.0,"9",.0,"9",.0,"9",.0,"9",.0,"9",.0,"9",10.0,"",0,"",0,"","",59,"",0,"9",0,""
"351190465","£”Dè","2018","03","01",-8.1,"",-15.5,"",-12.0,"",-18.4,"",.0,"","S",0,"",.0,"9",6.9,"",.0,"9",7.3,"",.0,"9",.0,"9",.0,"9",7.5,"",.0,"9",.0,"9",.0,"9",.0,"9",.0,"9",.0,"9",.0,"9",.0,"9",.0,"9",4.0,"",0,"",0,"","",67,"",0,"9",0,""
"351190465","£”Dè","2018","03","02",-6.3,"",-16.2,"",-11.4,"",-19.9,"",.0,"9","",0,"",.0,"9",10.2,"",.0,"9",.0,"9",.0,"9",.0,"9",.0,"9",13.4,"",.0,"9",.0,"9",.0,"9",.0,"9",.0,"9",.0,"9",.0,"9",.0,"9",.0,"9",7.0,"",0,"",0,"","Z",76,"",0,"9",0,""
"351190465","£”Dè","2018","03","03",-5.6,"",-16.8,"",-11.1,"",-19.8,"",.0,"","S",0,"9",.0,"9",4.5,"",.0,"9",1.9,"",.0,"9",.0,"9",.0,"9",13.9,"",.0,"9",.0,"9",.0,"9",.0,"9",.0,"9",.0,"9",.0,"9",.0,"9",.0,"9",5.0,"",0,"",0,"","",80,"",0,"9",0,""
"351190465","£”Dè","2018","03","04",.2,"",-16.9,"",-8.0,"",-20.3,"",.0,"9","",0,"9",.0,"9",10.3,"",.0,"9",.0,"9",.0,"9",.0,"9",.0,"9",10.3,"",.0,"9",.0,"9",.0,"9",.0,"9",6.3,"",.0,"9",.0,"9",.0,"9",.0,"9",9.0,"",0,"",0,"","Z",83,"",0,"9",0,""
"351190465","£”Dè","2018","03","05",5.3,"",-8.9,"",-1.5,"",-13.4,"",.0,"9","",0,"9",.0,"9",6.5,"",.0,"9",.0,"9",.0,"9",.0,"9",.0,"9",7.5,"",.0,"9",.0,"9",.0,"9",.0,"9",15.0,"",.0,"9",.0,"9",.0,"9",.0,"9",7.0,"",0,"",0,"","Z",81,"",0,"9",0,""
"351190465","£”Dè","2018","03","06",4.9,"",-1.1,"",1.7,"",-2.0,"",.7,"","S",0,"9",.0,"9",1.0,"",6.5,"",.0,"9",.2,"",.0,"9",.0,"9",10.8,"",.0,"9",4.0,"",.0,"9",.0,"9",13.2,"",.0,"9",.0,"9",.0,"9",.0,"9",.0,"9",0,"",0,"","Z",75,"",0,"9",0,""
"351190465","£”Dè","2018","03","07",4.5,"",.4,"",2.1,"",-.1,"",.0,"","W",0,"9",.0,"9",.0,"9",5.0,"",.0,"9",.0,"9",.0,"9",2.4,"",21.6,"",.0,"9",.0,"9",.0,"9",.0,"9",.0,"9",.0,"9",.0,"9",.0,"9",.0,"9",.0,"9",0,"",0,"","R",69,"",7,"",0,""
"351190465","£”Dè","2018","03","08",7.3,"",1.4,"",4.1,"",-1.4,"",.5,"","W",0,"9",.0,"9",1.8,"",.4,"",.0,"9",.0,"9",.0,"9",.0,"9",14.0,"",.0,"9",.0,"9",.0,"9",.0,"9",.0,"9",.0,"9",.0,"9",.0,"9",.0,"9",.0,"9",0,"",0,"","Z",64,"",0,"9",0,""
"351190465","£”Dè","2018","03","09",8.6,"",-2.7,"",3.2,"",-6.3,"",1.2,"","W",0,"9",.0,"9",4.7,"",3.3,"",.0,"9",.0,"9",.0,"9",.0,"9",12.0,"",.0,"9",.0,"9",.0,"9",.0,"9",.0,"9",.2,"",.0,"9",.0,"9",.0,"9",.0,"9",0,"",0,"","R",62,"",6,"",0,""
"351190465","£”Dè","2018","03","10",10.4,"",-3.2,"",4.8,"",-5.9,"",.0,"9","",0,"9",.0,"9",5.0,"",.0,"9",.0,"9",.0,"9",.0,"9",.0,"9",7.6,"",.0,"9",.0,"9",.0,"9",.0,"9",.0,"9",.0,"9",.0,"9",.0,"9",.0,"9",5.0,"",0,"",0,"","Z",61,"",0,"9",0,""
"351190465","£”Dè","2018","03","11",15.6,"",5.7,"",9.5,"",2.9,"",.0,"9","",0,"9",.0,"9",6.1,"",.0,"9",.0,"9",.0,"9",.0,"9",.0,"9",8.1,"",.0,"9",.0,"9",.0,"9",.0,"9",.0,"9",.0,"9",.0,"9",.0,"9",1.5,"",.0,"9",0,"",0,"","R",61,"",18,"",0,""
"351190465","£”Dè","2018","03","12",16.2,"",3.9,"",10.5,"",.6,"",.3,"","W",0,"9",.0,"9",1.0,"",.0,"9",.0,"9",.0,"9",.0,"9",.0,"9",.8,"",.0,"9",.0,"9",.0,"9",.0,"9",.0,"9",.0,"9",.0,"9",.0,"9",8.0,"",.0,"9",0,"",0,"","R",57,"",41,"",0,""
"351190465","£”Dè","2018","03","13",12.6,"",8.2,"",9.5,"",7.4,"",.0,"9","",0,"9",.0,"9",1.2,"",5.1,"",.0,"9",.0,"9",.0,"9",.0,"9",.0,"9",.0,"9",.0,"9",.0,"9",.0,"9",.0,"9",.0,"9",.0,"9",.0,"9",.0,"9",.0,"9",0,"",0,"","R",57,"",48,"",0,""
"351190465","£”Dè","2018","03","14",9.2,"",3.5,"",4.9,"",2.8,"",.2,"","W",0,"9",.0,"9",.0,"9",8.1,"",.0,"9",.0,"9",.0,"9",.0,"9",10.5,"",.0,"9",.0,"9",.0,"9",.0,"9",.0,"9",.0,"9",.0,"9",.0,"9",.0,"9",.0,"9",0,"",0,"","R",0,"9",0,"9",0,""
"351190465","£”Dè","2018","03","15",3.5,"",.4,"",1.7,"",.4,"",.0,"9","",0,"9",.0,"9",.0,"9",1.7,"",.0,"9",.0,"9",.0,"9",1.5,"",18.5,"",.0,"9",.0,"9",.0,"9",.0,"9",.0,"9",.0,"9",.0,"9",.0,"9",.0,"9",.0,"9",0,"",0,"","R",0,"9",0,"9",0,""
"351190465","£”Dè","2018","03","16",.8,"",-3.0,"",-1.4,"",-3.1,"",.6,"","S",0,"9",.0,"9",.0,"9",.0,"9",13.0,"",.0,"9",.0,"9",.0,"9",13.5,"",.0,"9",.0,"9",.0,"9",8.8,"",.0,"9",4.0,"",.0,"9",.0,"9",.0,"9",.0,"9",0,"",0,"","Z",7,"",0,"9",0,""
"351190465","£”Dè","2018","03","17",-3.0,"",-7.3,"",-5.7,"",-7.4,"",.0,"","S",8,"",1.9,"",5.7,"",.0,"9",6.6,"",.0,"9",.0,"9",.0,"9",1.2,"",.0,"9",.0,"9",21.3,"",2.7,"",.0,"9",3.2,"",.0,"9",.0,"9",.0,"9",.0,"9",1,"",0,"","",16,"",0,"9",0,""
"351190465","£”Dè","2018","03","18",-3.1,"",-8.8,"",-6.3,"",-9.9,"",.0,"9","",6,"",1.5,"",11.3,"",.0,"9",.0,"9",.0,"9",.0,"9",.0,"9",.0,"9",.0,"9",.0,"9",24.0,"",.0,"9",.0,"9",8.5,"",.0,"9",.0,"9",.0,"9",.0,"9",1,"",0,"","Z",20,"",0,"9",0,""
"351190465","£”Dè","2018","03","19",-1.2,"",-9.2,"",-5.0,"",-10.9,"",.0,"9","",5,"",1.8,"",10.6,"",.0,"9",.0,"9",.0,"9",.0,"9",.0,"9",.0,"9",.0,"9",.0,"9",1.2,"",.0,"9",.0,"9",.0,"9",.0,"9",.0,"9",.0,"9",.0,"9",1,"",0,"","Z",29,"",0,"9",0,""
"351190465","£”Dè","2018","03","20",2.5,"",-4.7,"",-1.5,"",-7.1,"",.0,"","S",3,"",.0,"9",2.9,"",.0,"9",2.4,"",.0,"9",.0,"9",.0,"9",.0,"9",.0,"9",.0,"9",.0,"9",.0,"9",.0,"9",.0,"9",.0,"9",.0,"9",.0,"9",.0,"9",1,"",0,"","",29,"",0,"9",0,""
"351190465","£”Dè","2018","03","21",2.1,"",-4.1,"",-1.3,"",-5.6,"",.0,"9","",0,"9",.0,"9",6.6,"",.0,"9",.0,"9",.0,"9",.0,"9",.0,"9",3.3,"",.0,"9",.0,"9",.0,"9",.0,"9",.0,"9",.0,"9",.0,"9",.0,"9",.0,"9",.0,"9",0,"",0,"","Z",28,"",0,"9",0,""
"351190465","£”Dè","2018","03","22",5.0,"",-3.4,"",.9,"",-6.8,"",.0,"","S",0,"9",.0,"9",7.9,"",.0,"9",.0,"9",.0,"9",.0,"9",.0,"9",.0,"9",.0,"9",.0,"9",.0,"9",.0,"9",.0,"9",.0,"9",.0,"9",.0,"9",.0,"9",.0,"9",0,"",0,"","",28,"",0,"9",0,""
"351190465","£”Dè","2018","03","23",3.7,"",.0,"",1.7,"",-1.7,"",.0,"","S",0,"9",.0,"9",.0,"9",1.9,"",4.2,"",2.8,"",.0,"9",.0,"9",19.3,"",.0,"9",.0,"9",.0,"9",.0,"9",.0,"9",.0,"9",.0,"9",.0,"9",.0,"9",.0,"9",0,"",0,"","",28,"",0,"9",0,""
"351190465","£”Dè","2018","03","24",7.5,"",.2,"",2.4,"",-4.8,"",.0,"9","",0,"9",.0,"9",2.8,"",.0,"9",.0,"9",.0,"9",.0,"9",.0,"9",11.8,"",.0,"9",.0,"9",.0,"9",.0,"9",6.3,"",.0,"9",.0,"9",.0,"9",.0,"9",.0,"9",0,"",0,"","R",24,"",8,"",0,""
"351190465","£”Dè","2018","03","25",11.0,"",-5.1,"",3.1,"",-8.1,"",.0,"9","",0,"9",.0,"9",11.5,"",.0,"9",.0,"9",.0,"9",.0,"9",.0,"9",7.5,"",.0,"9",.0,"9",.0,"9",.0,"9",.0,"9",.0,"9",.0,"9",.0,"9",.0,"9",7.0,"",0,"",0,"","Z",15,"",0,"9",0,""
"351190465","£”Dè","2018","03","26",9.7,"",-1.8,"",3.9,"",-4.8,"",1.2,"","W",0,"9",.0,"9",5.6,"",.2,"",.0,"9",.0,"9",.0,"9",.0,"9",9.2,"",.0,"9",.0,"9",.0,"9",.0,"9",1.0,"",.0,"9",.0,"9",.0,"9",.0,"9",5.0,"",0,"",0,"","Z",10,"",0,"9",0,""
"351190465","£”Dè","2018","03","27",5.9,"",-.2,"",.8,"",-2.5,"",.0,"","S",0,"9",.0,"9",.0,"9",6.1,"",2.9,"",4.2,"",.0,"9",.0,"9",8.3,"",.0,"9",.0,"9",.0,"9",.0,"9",.0,"9",.0,"9",.0,"9",.0,"9",.0,"9",.0,"9",0,"",0,"","",0,"9",0,"9",0,""
"351190465","£”Dè","2018","03","28",4.0,"",-.5,"",1.2,"",-1.0,"",2.7,"","S",0,"9",.0,"9",.5,"",.0,"9",.0,"9",7.7,"",.0,"9",.0,"9",12.4,"",.0,"9",.0,"9",.0,"9",.0,"9",.0,"9",.0,"9",.0,"9",.0,"9",.0,"9",.0,"9",0,"",0,"","Z",7,"",0,"9",0,""
"351190465","£”Dè","2018","03","29",7.5,"",.5,"",3.4,"",.0,"",1.1,"","W",0,"9",.0,"9",.1,"",7.5,"",.0,"9",1.1,"",.0,"9",.0,"9",13.2,"",.0,"9",.0,"9",.0,"9",.0,"9",.0,"9",.0,"9",.0,"9",.0,"9",.0,"9",.0,"9",0,"",0,"","R",0,"9",0,"9",0,""
"351190465","£”Dè","2018","03","30",12.1,"",1.0,"",6.5,"",-1.6,"",.0,"9","",0,"9",.0,"9",10.7,"",.0,"9",.0,"9",.0,"9",.0,"9",.0,"9",.0,"9",.0,"9",.0,"9",.0,"9",.0,"9",.0,"9",.0,"9",.0,"9",.0,"9",.0,"9",.0,"9",0,"",0,"","Z",1,"",0,"9",0,""
"351190465","£”Dè","2018","03","31",9.3,"",2.5,"",7.1,"",.6,"",7.5,"","W",0,"9",.0,"9",.1,"",8.9,"",.0,"9",.0,"9",.0,"9",.0,"9",17.4,"",.0,"9",.0,"9",.0,"9",.0,"9",.0,"9",.0,"9",.0,"9",.0,"9",.0,"9",.0,"9",0,"",0,"","R",0,"9",0,"9",0,""
"351190465","£”Dè","2018","04","01",9.6,"",2.0,"",3.9,"",1.9,"",.4,"","S",0,"9",.0,"9",.0,"9",6.4,"",.0,"9",.0,"9",.0,"9",.3,"",9.9,"",.0,"9",.0,"9",.0,"9",.0,"9",.0,"9",11.7,"",.0,"9",.0,"9",.0,"9",.0,"9",0,"",0,"","R",0,"9",0,"9",0,""
"351190465","£”Dè","2018","04","02",8.2,"",-.1,"",2.6,"",-.2,"",.0,"","S",0,"",.0,"9",4.7,"",.0,"9",5.8,"",.0,"9",.0,"9",.0,"9",4.9,"",.0,"9",.0,"9",.0,"9",.0,"9",.0,"9",2.7,"",.0,"9",.0,"9",.0,"9",.0,"9",0,"",0,"","",6,"",0,"9",0,""
"351190465","£”Dè","2018","04","03",17.7,"",-2.9,"",7.3,"",-5.2,"",.0,"9","",0,"9",.0,"9",6.9,"",.0,"9",.0,"9",.0,"9",.0,"9",.0,"9",10.0,"",.0,"9",.0,"9",.0,"9",.0,"9",.0,"9",.0,"9",.0,"9",.0,"9",.0,"9",5.0,"",0,"",0,"","R",0,"9",0,"9",0,""
"351190465","£”Dè","2018","04","04",20.7,"",2.4,"",12.3,"",-.6,"",.0,"9","",0,"9",.0,"9",7.9,"",.0,"9",.0,"9",.0,"9",.0,"9",.0,"9",1.5,"",.0,"9",.0,"9",.0,"9",.0,"9",.0,"9",.0,"9",.0,"9",.0,"9",6.5,"",.0,"9",0,"",0,"","R",0,"9",0,"9",0,""
"351190465","£”Dè","2018","04","05",19.1,"",5.6,"",13.1,"",1.8,"",.0,"","W",0,"9",.0,"9",9.5,"",.0,"9",.0,"9",.0,"9",.0,"9",.0,"9",.0,"9",.0,"9",.0,"9",.0,"9",.0,"9",.0,"9",.0,"9",.0,"9",.0,"9",5.0,"",.0,"9",0,"",0,"","R",0,"9",0,"9",0,""
"351190465","£”Dè","2018","04","06",13.7,"",5.2,"",7.1,"",2.2,"",.0,"","W",0,"9",.0,"9",10.0,"",.5,"",.0,"9",.0,"9",.0,"9",.0,"9",.0,"9",.0,"9",.0,"9",.0,"9",.0,"9",.0,"9",.0,"9",.0,"9",.0,"9",.0,"9",.0,"9",0,"",0,"","R",0,"9",0,"9",0,""
"351190465","£”Dè","2018","04","07",17.5,"",-2.5,"",8.7,"",-5.6,"",.0,"9","",0,"9",.0,"9",12.8,"",.0,"9",.0,"9",.0,"9",.0,"9",.0,"9",3.9,"",.0,"9",.0,"9",.0,"9",.0,"9",.0,"9",.0,"9",.0,"9",.0,"9",.0,"9",.0,"9",0,"",0,"","R",0,"9",0,"9",0,""
"351190465","£”Dè","2018","04","08",22.7,"",5.9,"",15.2,"",2.5,"",.0,"9","",0,"9",.0,"9",12.0,"",.0,"9",.0,"9",.0,"9",.0,"9",.0,"9",.0,"9",.0,"9",.0,"9",.0,"9",.0,"9",.0,"9",.0,"9",.0,"9",.0,"9",.0,"9",.0,"9",0,"",0,"","R",0,"9",0,"9",0,""
"351190465","£”Dè","2018","04","09",24.9,"",10.9,"",17.3,"",6.2,"",.0,"9","",0,"9",.0,"9",12.5,"",.0,"9",.0,"9",.0,"9",.0,"9",.0,"9",.0,"9",.0,"9",.0,"9",.0,"9",.0,"9",.0,"9",.0,"9",.0,"9",.0,"9",.0,"9",.0,"9",0,"",0,"","R",0,"9",0,"9",0,""
"351190465","£”Dè","2018","04","10",24.3,"",7.1,"",14.7,"",3.5,"",13.9,"","W",0,"9",.0,"9",8.4,"",4.4,"",.0,"9",.0,"9",.0,"9",.0,"9",.0,"9",.0,"9",.0,"9",.0,"9",.0,"9",.0,"9",.0,"9",.0,"9",4.1,"",.0,"9",.0,"9",0,"",0,"","R",0,"9",0,"9",0,""
"351190465","£”Dè","2018","04","11",19.7,"",9.5,"",14.9,"",7.2,"",.0,"9","",0,"9",.0,"9",7.5,"",.0,"9",.0,"9",.0,"9",.0,"9",.0,"9",.0,"9",.0,"9",.0,"9",.0,"9",.0,"9",.0,"9",.0,"9",.0,"9",.0,"9",1.0,"",.0,"9",0,"",0,"","R",0,"9",0,"9",0,""
"351190465","£”Dè","2018","04","12",21.4,"",8.9,"",15.4,"",8.1,"",.0,"9","",0,"9",.0,"9",9.9,"",.0,"9",.0,"9",.0,"9",.0,"9",.0,"9",.0,"9",.0,"9",.0,"9",.0,"9",.0,"9",.0,"9",.0,"9",.0,"9",.0,"9",8.0,"",.0,"9",0,"",0,"","R",0,"9",0,"9",0,""
"351190465","£”Dè","2018","04","13",24.0,"",10.8,"",15.5,"",10.2,"",27.5,"","W",0,"9",.0,"9",8.8,"",1.7,"",.0,"9",.0,"9",.0,"9",.0,"9",2.5,"",.0,"9",.0,"9",.0,"9",.0,"9",.0,"9",.0,"9",.0,"9",2.1,"",.0,"9",.0,"9",0,"",0,"","R",0,"9",0,"9",0,""
"351190465","£”Dè","2018","04","14",18.3,"",6.5,"",12.7,"",3.7,"",.0,"9","",0,"9",.0,"9",11.5,"",.0,"9",.0,"9",.0,"9",.0,"9",1.6,"",3.9,"",.0,"9",.0,"9",.0,"9",.0,"9",.0,"9",.0,"9",.0,"9",.0,"9",5.0,"",.0,"9",0,"",0,"","R",0,"9",0,"9",0,""
"351190465","£”Dè","2018","04","15",23.1,"",6.4,"",16.1,"",3.8,"",.0,"9","",0,"9",.0,"9",11.0,"",.0,"9",.0,"9",.0,"9",.0,"9",.0,"9",.0,"9",.0,"9",.0,"9",.0,"9",.0,"9",.0,"9",.0,"9",.0,"9",.0,"9",7.0,"",.0,"9",0,"",0,"","R",0,"9",0,"9",0,""
"351190465","£”Dè","2018","04","16",22.3,"",13.0,"",17.0,"",11.2,"",1.1,"","W",0,"9",.0,"9",1.7,"",3.2,"",.0,"9",.0,"9",.0,"9",.0,"9",2.8,"",.0,"9",.0,"9",.0,"9",.0,"9",.0,"9",.0,"9",.0,"9",.0,"9",.0,"9",.0,"9",0,"",0,"","R",0,"9",0,"9",0,""
"351190465","£”Dè","2018","04","17",17.5,"",10.9,"",13.3,"",10.1,"",.0,"","W",0,"9",.0,"9",4.7,"",5.3,"",.0,"9",.0,"9",.0,"9",.0,"9",8.5,"",.0,"9",.0,"9",.0,"9",.0,"9",.0,"9",.0,"9",.0,"9",.0,"9",5.0,"",.0,"9",0,"",0,"","R",0,"9",0,"9",0,""
"351190465","£”Dè","2018","04","18",18.3,"",3.9,"",11.6,"",2.6,"",.0,"9","",0,"9",.0,"9",12.3,"",.0,"9",.0,"9",.0,"9",.0,"9",3.8,"",2.5,"",.0,"9",.0,"9",.0,"9",.0,"9",.0,"9",.0,"9",.0,"9",.0,"9",9.5,"",.0,"9",0,"",0,"","R",0,"9",0,"9",0,""
"351190465","£”Dè","2018","04","19",20.9,"",5.7,"",14.3,"",3.5,"",.0,"9","",0,"9",.0,"9",12.6,"",.0,"9",.0,"9",.0,"9",.0,"9",.0,"9",2.7,"",.0,"9",.0,"9",.0,"9",.0,"9",.0,"9",.0,"9",.0,"9",.0,"9",7.0,"",.0,"9",0,"",0,"","R",0,"9",0,"9",0,""
"351190465","£”Dè","2018","04","20",22.0,"",3.2,"",13.6,"",1.6,"",.0,"9","",0,"9",.0,"9",13.7,"",.0,"9",.0,"9",.0,"9",.0,"9",.0,"9",.0,"9",.0,"9",.0,"9",.0,"9",.0,"9",.0,"9",.0,"9",.0,"9",.0,"9",7.0,"",.0,"9",0,"",0,"","R",0,"9",0,"9",0,""
"351190465","£”Dè","2018","04","21",22.9,"",9.1,"",16.2,"",4.8,"",.0,"9","",0,"9",.0,"9",13.3,"",.0,"9",.0,"9",.0,"9",.0,"9",.0,"9",.0,"9",.0,"9",.0,"9",.0,"9",.0,"9",.0,"9",.3,"",.0,"9",.0,"9",8.0,"",.0,"9",0,"",0,"","R",0,"9",0,"9",0,""
"351190465","£”Dè","2018","04","22",18.1,"",1.5,"",10.8,"",.2,"",.0,"9","",0,"9",.0,"9",13.6,"",.0,"9",.0,"9",.0,"9",.0,"9",.0,"9",.0,"9",.0,"9",.0,"9",.0,"9",.0,"9",.0,"9",.0,"9",.0,"9",.0,"9",8.5,"",.0,"9",0,"",0,"","R",0,"9",0,"9",0,""
"351190465","£”Dè","2018","04","23",22.8,"",3.5,"",14.0,"",.5,"",.3,"","W",0,"9",.0,"9",7.8,"",2.6,"",.0,"9",.0,"9",.0,"9",.0,"9",.0,"9",.0,"9",.0,"9",.0,"9",.0,"9",.0,"9",.0,"9",.0,"9",.0,"9",7.0,"",.0,"9",0,"",0,"","R",0,"9",0,"9",0,""
"351190465","£”Dè","2018","04","24",18.6,"",8.5,"",13.8,"",6.4,"",.0,"","W",0,"9",.0,"9",7.0,"",.4,"",.0,"9",.0,"9",.0,"9",.0,"9",5.4,"",.0,"9",.0,"9",.0,"9",.0,"9",.0,"9",.0,"9",.0,"9",.0,"9",1.0,"",.0,"9",0,"",0,"","R",0,"9",0,"9",0,""
"351190465","£”Dè","2018","04","25",22.7,"",7.9,"",15.0,"",5.5,"",.2,"","W",0,"9",.0,"9",8.4,"",1.4,"",.0,"9",.0,"9",.0,"9",.0,"9",4.3,"",.0,"9",.0,"9",.0,"9",.0,"9",.0,"9",.9,"",.0,"9",.0,"9",7.0,"",.0,"9",0,"",0,"","R",0,"9",0,"9",0,""
"351190465","£”Dè","2018","04","26",15.4,"",5.9,"",9.7,"",3.6,"",1.5,"","W",0,"9",.0,"9",6.6,"",1.7,"",.0,"9",.0,"9",.0,"9",.0,"9",1.4,"",.0,"9",.0,"9",.0,"9",.0,"9",.0,"9",.0,"9",.0,"9",.2,"",.0,"9",.0,"9",0,"",0,"","R",0,"9",0,"9",0,""
"351190465","£”Dè","2018","04","27",15.3,"",1.2,"",9.5,"",-2.1,"",.0,"9","",0,"9",.0,"9",11.7,"",.0,"9",.0,"9",.0,"9",.0,"9",.0,"9",.0,"9",.0,"9",.0,"9",.0,"9",.0,"9",.0,"9",.0,"9",.0,"9",.0,"9",3.0,"",.0,"9",0,"",0,"","R",0,"9",0,"9",0,""
"351190465","£”Dè","2018","04","28",23.7,"",6.2,"",15.2,"",3.2,"",.0,"9","",0,"9",.0,"9",13.2,"",.0,"9",.0,"9",.0,"9",.0,"9",.0,"9",1.1,"",.0,"9",.0,"9",.0,"9",.0,"9",.0,"9",.0,"9",.0,"9",.0,"9",8.5,"",.0,"9",0,"",0,"","R",0,"9",0,"9",0,""
"351190465","£”Dè","2018","04","29",28.1,"",9.8,"",19.1,"",6.5,"",.1,"","W",0,"9",.0,"9",12.0,"",1.4,"",.0,"9",.0,"9",.0,"9",.0,"9",.0,"9",.0,"9",.0,"9",.0,"9",.0,"9",.0,"9",.0,"9",.0,"9",1.9,"",7.0,"",.0,"9",0,"",0,"","R",0,"9",0,"9",0,""
"351190465","£”Dè","2018","04","30",28.8,"",14.5,"",21.1,"",12.7,"",.9,"","W",0,"9",.0,"9",11.2,"",2.5,"",.0,"9",.0,"9",.0,"9",.0,"9",.0,"9",.0,"9",.0,"9",.0,"9",.0,"9",.0,"9",.0,"9",.0,"9",.3,"",.0,"9",.0,"9",0,"",0,"","R",0,"9",0,"9",0,""
"351190465","£”Dè","2018","05","01",23.5,"",11.0,"",16.9,"",9.4,"",.0,"9","",0,"9",.0,"9",8.5,"",.3,"",.0,"9",.0,"9",.0,"9",.0,"9",1.0,"",.0,"9",.0,"9",.0,"9",.0,"9",.0,"9",.0,"9",.0,"9",.0,"9",3.5,"",.0,"9",0,"",0,"","R",0,"9",0,"9",0,""
"351190465","£”Dè","2018","05","02",21.6,"",9.7,"",15.6,"",7.1,"",.0,"9","",0,"9",.0,"9",5.4,"",.0,"9",.0,"9",.0,"9",.0,"9",.0,"9",.0,"9",.0,"9",.0,"9",.0,"9",.0,"9",.0,"9",.0,"9",.0,"9",.0,"9",1.0,"",.0,"9",0,"",0,"","R",0,"9",0,"9",0,""
"351190465","£”Dè","2018","05","03",29.2,"",13.9,"",20.7,"",12.5,"",4.1,"","W",0,"9",.0,"9",10.4,"",2.2,"",.0,"9",.0,"9",.0,"9",.0,"9",.0,"9",.0,"9",.0,"9",.0,"9",.0,"9",.0,"9",.0,"9",.0,"9",3.9,"",.0,"9",.0,"9",0,"",0,"","R",0,"9",0,"9",0,""
"351190465","£”Dè","2018","05","04",21.2,"",9.8,"",14.1,"",9.2,"",.0,"9","",0,"9",.0,"9",11.7,"",.0,"9",.0,"9",.0,"9",.0,"9",.0,"9",.0,"9",.0,"9",.0,"9",.0,"9",.0,"9",.0,"9",.0,"9",.0,"9",.0,"9",.0,"9",.0,"9",0,"",0,"","R",0,"9",0,"9",0,""
"351190465","£”Dè","2018","05","05",18.0,"",5.6,"",12.4,"",3.8,"",.0,"9","",0,"9",.0,"9",14.0,"",.0,"9",.0,"9",.0,"9",.0,"9",.0,"9",.0,"9",.0,"9",.0,"9",.0,"9",.0,"9",.0,"9",.0,"9",.0,"9",.0,"9",.0,"9",.0,"9",0,"",0,"","R",0,"9",0,"9",0,""
"351190465","£”Dè","2018","05","06",20.0,"",5.7,"",14.3,"",4.0,"",.0,"9","",0,"9",.0,"9",14.6,"",.0,"9",.0,"9",.0,"9",.0,"9",.0,"9",.0,"9",.0,"9",.0,"9",.0,"9",.0,"9",.0,"9",.0,"9",.0,"9",.0,"9",2.0,"",.0,"9",0,"",0,"","R",0,"9",0,"9",0,""
"351190465","£”Dè","2018","05","07",22.1,"",3.5,"",14.4,"",1.6,"",.0,"9","",0,"9",.0,"9",14.7,"",.0,"9",.0,"9",.0,"9",.0,"9",.0,"9",.0,"9",.0,"9",.0,"9",.0,"9",.0,"9",.0,"9",.0,"9",.0,"9",.0,"9",8.0,"",.0,"9",0,"",0,"","R",0,"9",0,"9",0,""
"351190465","£”Dè","2018","05","08",24.9,"",6.6,"",17.9,"",3.4,"",.0,"9","",0,"9",.0,"9",14.5,"",.0,"9",.0,"9",.0,"9",.0,"9",.0,"9",.0,"9",.0,"9",.0,"9",.0,"9",.0,"9",.0,"9",.0,"9",.0,"9",.0,"9",5.0,"",.0,"9",0,"",0,"","R",0,"9",0,"9",0,""
"351190465","£”Dè","2018","05","09",27.3,"",9.6,"",20.3,"",6.7,"",.0,"9","",0,"9",.0,"9",11.8,"",.0,"9",.0,"9",.0,"9",.0,"9",.0,"9",.0,"9",.0,"9",.0,"9",.0,"9",.0,"9",.0,"9",.0,"9",.0,"9",.7,"",.0,"9",.0,"9",0,"",0,"","R",0,"9",0,"9",0,""
"351190465","£”Dè","2018","05","10",27.5,"",12.5,"",20.8,"",10.1,"",.0,"9","",0,"9",.0,"9",12.9,"",.0,"9",.0,"9",.0,"9",.0,"9",.0,"9",.0,"9",.0,"9",.0,"9",.0,"9",.0,"9",.0,"9",.0,"9",.0,"9",.0,"9",.0,"9",.0,"9",0,"",0,"","R",0,"9",0,"9",0,""
"351190465","£”Dè","2018","05","11",26.6,"",10.5,"",17.9,"",7.5,"",2.5,"","W",0,"9",.0,"9",9.0,"",3.5,"",.0,"9",.0,"9",.0,"9",.0,"9",1.5,"",.0,"9",.0,"9",.0,"9",.0,"9",.0,"9",.3,"",.0,"9",2.9,"",.0,"9",.0,"9",0,"",0,"","R",0,"9",0,"9",0,""
"351190465","£”Dè","2018","05","12",24.6,"",13.9,"",18.5,"",13.1,"",.0,"9","",0,"9",.0,"9",9.5,"",.0,"9",.0,"9",.0,"9",.0,"9",.0,"9",5.1,"",.0,"9",.0,"9",.0,"9",.0,"9",.0,"9",.0,"9",.0,"9",.0,"9",.0,"9",.0,"9",0,"",0,"","R",0,"9",0,"9",0,""
"351190465","£”Dè","2018","05","13",25.7,"",7.1,"",18.3,"",3.0,"",.0,"9","",0,"9",.0,"9",14.7,"",.0,"9",.0,"9",.0,"9",.0,"9",.0,"9",.0,"9",.0,"9",.0,"9",.0,"9",.0,"9",.0,"9",.0,"9",.0,"9",.0,"9",3.0,"",.0,"9",0,"",0,"","R",0,"9",0,"9",0,""
"351190465","£”Dè","2018","05","14",22.4,"",8.6,"",15.5,"",6.3,"",.0,"","W",0,"9",.0,"9",9.7,"",.1,"",.0,"9",.0,"9",.0,"9",.0,"9",.0,"9",.0,"9",.0,"9",.0,"9",.0,"9",.0,"9",.0,"9",.0,"9",.0,"9",6.0,"",.0,"9",0,"",0,"","R",0,"9",0,"9",0,""
"351190465","£”Dè","2018","05","15",19.2,"",8.4,"",14.0,"",6.1,"",.0,"","W",0,"9",.0,"9",3.9,"",1.0,"",.0,"9",.0,"9",.0,"9",.0,"9",3.2,"",.0,"9",.0,"9",.0,"9",.0,"9",.0,"9",.0,"9",.0,"9",.0,"9",6.5,"",.0,"9",0,"",0,"","R",0,"9",0,"9",0,""
"351190465","£”Dè","2018","05","16",18.6,"",11.9,"",14.5,"",10.3,"",28.3,"","W",0,"9",.0,"9",1.5,"",9.5,"",.0,"9",.0,"9",.0,"9",.0,"9",14.0,"",.0,"9",.0,"9",.0,"9",.0,"9",.0,"9",.0,"9",.0,"9",.6,"",.0,"9",.0,"9",0,"",0,"","R",0,"9",0,"9",0,""
"351190465","£”Dè","2018","05","17",17.0,"",12.8,"",14.5,"",12.7,"",8.6,"","W",0,"9",.0,"9",.3,"",7.7,"",.0,"9",.0,"9",.0,"9",.0,"9",10.3,"",.0,"9",.0,"9",.0,"9",.0,"9",.0,"9",.0,"9",.0,"9",.0,"9",.0,"9",.0,"9",0,"",0,"","R",0,"9",0,"9",0,""
"351190465","£”Dè","2018","05","18",17.2,"",11.9,"",13.3,"",12.2,"",3.1,"","W",0,"9",.0,"9",.3,"",1.7,"",.0,"9",.0,"9",.0,"9",.0,"9",6.5,"",.0,"9",.0,"9",.0,"9",.0,"9",.0,"9",.0,"9",.0,"9",.0,"9",.0,"9",.0,"9",0,"",0,"","R",0,"9",0,"9",0,""
"351190465","£”Dè","2018","05","19",18.6,"",8.0,"",13.4,"",7.4,"",.0,"9","",0,"9",.0,"9",12.3,"",.0,"9",.0,"9",.0,"9",.0,"9",.0,"9",.0,"9",.0,"9",.0,"9",.0,"9",.0,"9",.0,"9",.0,"9",.0,"9",.0,"9",.0,"9",.0,"9",0,"",0,"","R",0,"9",0,"9",0,""
"351190465","£”Dè","2018","05","20",20.0,"",7.2,"",14.7,"",5.5,"",.0,"9","",0,"9",.0,"9",13.9,"",.0,"9",.0,"9",.0,"9",.0,"9",.0,"9",.0,"9",.0,"9",.0,"9",.0,"9",.0,"9",.0,"9",.0,"9",.0,"9",.0,"9",8.0,"",.0,"9",0,"",0,"","R",0,"9",0,"9",0,""
"351190465","£”Dè","2018","05","21",20.8,"",5.0,"",15.0,"",3.4,"",.0,"9","",0,"9",.0,"9",13.4,"",.0,"9",.0,"9",.0,"9",.0,"9",.0,"9",.0,"9",.0,"9",.0,"9",.0,"9",.0,"9",.0,"9",.0,"9",.0,"9",.0,"9",8.0,"",.0,"9",0,"",0,"","R",0,"9",0,"9",0,""
"351190465","£”Dè","2018","05","22",23.1,"",7.9,"",16.3,"",5.4,"",.0,"9","",0,"9",.0,"9",13.6,"",.0,"9",.0,"9",.0,"9",.0,"9",.0,"9",.0,"9",.0,"9",.0,"9",.0,"9",.0,"9",.0,"9",.0,"9",.0,"9",.0,"9",1.0,"",.0,"9",0,"",0,"","R",0,"9",0,"9",0,""
"351190465","£”Dè","2018","05","23",23.8,"",10.3,"",18.3,"",8.7,"",.0,"9","",0,"9",.0,"9",14.5,"",.0,"9",.0,"9",.0,"9",.0,"9",.0,"9",.0,"9",.0,"9",.0,"9",.0,"9",.0,"9",.0,"9",.0,"9",.0,"9",.0,"9",6.0,"",.0,"9",0,"",0,"","R",0,"9",0,"9",0,""
"351190465","£”Dè","2018","05","24",23.2,"",12.9,"",17.6,"",10.2,"",.0,"9","",0,"9",.0,"9",13.9,"",.0,"9",.0,"9",.0,"9",.0,"9",.0,"9",.0,"9",.0,"9",.0,"9",.0,"9",.0,"9",.0,"9",.0,"9",.0,"9",.0,"9",.5,"",.0,"9",0,"",0,"","R",0,"9",0,"9",0,""
"351190465","£”Dè","2018","05","25",23.5,"",11.8,"",17.0,"",8.6,"",5.8,"","W",0,"9",.0,"9",9.3,"",2.5,"",.0,"9",.0,"9",.0,"9",.0,"9",1.0,"",.0,"9",.0,"9",.0,"9",.0,"9",.0,"9",.0,"9",.0,"9",2.8,"",6.0,"",.0,"9",0,"",0,"","R",0,"9",0,"9",0,""
"351190465","£”Dè","2018","05","26",23.5,"",11.2,"",18.4,"",9.5,"",.0,"9","",0,"9",.0,"9",11.0,"",.0,"9",.0,"9",.0,"9",.0,"9",.0,"9",1.5,"",.0,"9",.0,"9",.0,"9",.0,"9",.0,"9",.0,"9",.0,"9",.0,"9",1.5,"",.0,"9",0,"",0,"","R",0,"9",0,"9",0,""
"351190465","£”Dè","2018","05","27",26.9,"",11.1,"",19.4,"",9.1,"",.0,"9","",0,"9",.0,"9",9.7,"",.0,"9",.0,"9",.0,"9",.0,"9",3.8,"",3.4,"",.0,"9",.0,"9",.0,"9",.0,"9",.0,"9",.0,"9",.0,"9",.0,"9",1.3,"",.0,"9",0,"",0,"","R",0,"9",0,"9",0,""
"351190465","£”Dè","2018","05","28",27.5,"",13.8,"",21.6,"",10.3,"",.0,"9","",0,"9",.0,"9",15.5,"",.0,"9",.0,"9",.0,"9",.0,"9",.0,"9",.0,"9",.0,"9",.0,"9",.0,"9",.0,"9",.0,"9",.0,"9",.0,"9",.0,"9",5.0,"",.0,"9",0,"",0,"","R",0,"9",0,"9",0,""
"351190465","£”Dè","2018","05","29",28.6,"",12.7,"",21.7,"",8.4,"",.0,"9","",0,"9",.0,"9",15.4,"",.0,"9",.0,"9",.0,"9",.0,"9",.0,"9",.0,"9",.0,"9",.0,"9",.0,"9",.0,"9",.0,"9",.0,"9",.0,"9",.0,"9",.0,"9",.0,"9",0,"",0,"","R",0,"9",0,"9",0,""
"351190465","£”Dè","2018","05","30",29.4,"",13.0,"",22.0,"",10.6,"",.0,"9","",0,"9",.0,"9",12.0,"",.0,"9",.0,"9",.0,"9",.0,"9",.0,"9",.0,"9",.0,"9",.0,"9",.0,"9",.0,"9",.0,"9",.0,"9",.0,"9",.0,"9",.0,"9",.0,"9",0,"",0,"","R",0,"9",0,"9",0,""
"351190465","£”Dè","2018","05","31",30.0,"",12.1,"",21.6,"",10.4,"",.0,"9","",0,"9",.0,"9",11.7,"",.0,"9",.0,"9",.0,"9",.0,"9",.0,"9",.0,"9",.0,"9",.0,"9",.0,"9",.0,"9",.0,"9",.0,"9",.0,"9",.7,"",3.5,"",.0,"9",0,"",0,"","R",0,"9",0,"9",0,""
"351190465","£”Dè","2018","06","01",30.7,"",12.9,"",22.8,"",11.0,"",3.4,"","W",0,"9",.0,"9",11.8,"",.8,"",.0,"9",.0,"9",.0,"9",.0,"9",.0,"9",.0,"9",.0,"9",.0,"9",.0,"9",.0,"9",.0,"9",.0,"9",.8,"",6.0,"",.0,"9",0,"",0,"","R",0,"9",0,"9",0,""
"351190465","£”Dè","2018","06","02",26.0,"",16.7,"",21.1,"",16.0,"",.0,"9","",0,"9",.0,"9",6.8,"",.2,"",.0,"9",.0,"9",.0,"9",.0,"9",.0,"9",.0,"9",.0,"9",.0,"9",.0,"9",.0,"9",.0,"9",.0,"9",.0,"9",1.0,"",.0,"9",0,"",0,"","R",0,"9",0,"9",0,""
"351190465","£”Dè","2018","06","03",23.5,"",13.4,"",18.6,"",11.7,"",.0,"9","",0,"9",.0,"9",2.1,"",.0,"9",.0,"9",.0,"9",.0,"9",.0,"9",15.3,"",.0,"9",.0,"9",.0,"9",.0,"9",.0,"9",.0,"9",.0,"9",.0,"9",8.0,"",.0,"9",0,"",0,"","R",0,"9",0,"9",0,""
"351190465","£”Dè","2018","06","04",28.0,"",12.2,"",19.6,"",9.6,"",.0,"9","",0,"9",.0,"9",7.3,"",.0,"9",.0,"9",.0,"9",.0,"9",6.8,"",3.4,"",.0,"9",.0,"9",.0,"9",.0,"9",.0,"9",.0,"9",.0,"9",.0,"9",2.4,"",.0,"9",0,"",0,"","R",0,"9",0,"9",0,""
"351190465","£”Dè","2018","06","05",25.0,"",12.4,"",19.3,"",10.5,"",.0,"9","",0,"9",.0,"9",10.9,"",.0,"9",.0,"9",.0,"9",.0,"9",.0,"9",4.5,"",.0,"9",.0,"9",.0,"9",.0,"9",.0,"9",.0,"9",.0,"9",.0,"9",.8,"",.0,"9",0,"",0,"","R",0,"9",0,"9",0,""
"351190465","£”Dè","2018","06","06",20.9,"",6.9,"",12.9,"",6.4,"",.0,"9","",0,"9",.0,"9",15.9,"",.0,"9",.0,"9",.0,"9",.0,"9",.0,"9",.0,"9",.0,"9",.0,"9",.0,"9",.0,"9",.0,"9",.0,"9",.0,"9",.0,"9",.0,"9",.0,"9",0,"",0,"","R",0,"9",0,"9",0,""
"351190465","£”Dè","2018","06","07",23.1,"",6.3,"",16.5,"",2.8,"",.0,"9","",0,"9",.0,"9",15.9,"",.0,"9",.0,"9",.0,"9",.0,"9",.0,"9",.0,"9",.0,"9",.0,"9",.0,"9",.0,"9",.0,"9",.0,"9",.0,"9",.0,"9",.0,"9",.0,"9",0,"",0,"","R",0,"9",0,"9",0,""
"351190465","£”Dè","2018","06","08",28.8,"",8.3,"",20.5,"",5.7,"",.0,"9","",0,"9",.0,"9",15.9,"",.0,"9",.0,"9",.0,"9",.0,"9",.0,"9",.0,"9",.0,"9",.0,"9",.0,"9",.0,"9",.0,"9",.0,"9",.0,"9",.0,"9",.0,"9",.0,"9",0,"",0,"","R",0,"9",0,"9",0,""
"351190465","£”Dè","2018","06","09",30.0,"",12.7,"",22.7,"",10.0,"",.0,"9","",0,"9",.0,"9",13.4,"",.0,"9",.0,"9",.0,"9",.0,"9",.0,"9",.0,"9",.0,"9",.0,"9",.0,"9",.0,"9",.0,"9",.0,"9",.0,"9",.0,"9",.0,"9",.0,"9",0,"",0,"","R",0,"9",0,"9",0,""
"351190465","£”Dè","2018","06","10",31.0,"",13.6,"",23.9,"",11.0,"",1.9,"","W",0,"9",.0,"9",12.0,"",.8,"",.0,"9",.0,"9",.0,"9",.0,"9",.0,"9",.0,"9",.0,"9",.0,"9",.0,"9",.0,"9",.0,"9",.0,"9",.3,"",.0,"9",.0,"9",0,"",0,"","R",0,"9",0,"9",0,""
"351190465","£”Dè","2018","06","11",25.7,"",18.0,"",20.5,"",17.6,"",.6,"","W",0,"9",.0,"9",6.3,"",.8,"",.0,"9",.0,"9",.0,"9",.0,"9",4.6,"",.0,"9",.0,"9",.0,"9",.0,"9",.0,"9",.0,"9",.0,"9",.0,"9",2.1,"",.0,"9",0,"",0,"","R",0,"9",0,"9",0,""
"351190465","£”Dè","2018","06","12",23.4,"",12.9,"",17.8,"",10.4,"",.8,"","W",0,"9",.0,"9",7.6,"",4.8,"",.0,"9",.0,"9",.0,"9",.0,"9",9.8,"",.0,"9",.0,"9",.0,"9",.0,"9",.0,"9",.0,"9",.0,"9",.0,"9",1.5,"",.0,"9",0,"",0,"","R",0,"9",0,"9",0,""
"351190465","£”Dè","2018","06","13",21.3,"",8.8,"",16.5,"",6.5,"",.4,"","W",0,"9",.0,"9",3.8,"",2.4,"",.0,"9",.0,"9",.0,"9",.0,"9",.0,"9",.0,"9",.0,"9",.0,"9",.0,"9",.0,"9",.0,"9",.0,"9",.0,"9",6.0,"",.0,"9",0,"",0,"","R",0,"9",0,"9",0,""
"351190465","£”Dè","2018","06","14",22.8,"",9.8,"",17.3,"",7.9,"",.0,"9","",0,"9",.0,"9",9.5,"",.0,"9",.0,"9",.0,"9",.0,"9",.0,"9",4.8,"",.0,"9",.0,"9",.0,"9",.0,"9",.0,"9",.0,"9",.0,"9",.0,"9",.0,"9",.0,"9",0,"",0,"","R",0,"9",0,"9",0,""
"351190465","£”Dè","2018","06","15",25.1,"",11.9,"",19.6,"",10.0,"",.0,"9","",0,"9",.0,"9",8.3,"",.0,"9",.0,"9",.0,"9",.0,"9",.0,"9",.0,"9",.0,"9",.0,"9",.0,"9",.0,"9",.0,"9",.0,"9",.0,"9",.0,"9",.0,"9",.0,"9",0,"",0,"","R",0,"9",0,"9",0,""
"351190465","£”Dè","2018","06","16",26.6,"",11.3,"",19.9,"",9.2,"",.0,"9","",0,"9",.0,"9",10.6,"",.0,"9",.0,"9",.0,"9",.0,"9",.0,"9",.0,"9",.0,"9",.0,"9",.0,"9",.0,"9",.0,"9",.0,"9",.0,"9",.0,"9",6.0,"",.0,"9",0,"",0,"","R",0,"9",0,"9",0,""
"351190465","£”Dè","2018","06","17",27.7,"",14.1,"",21.2,"",12.3,"",.0,"9","",0,"9",.0,"9",4.0,"",.0,"9",.0,"9",.0,"9",.0,"9",.0,"9",.0,"9",.0,"9",.0,"9",.0,"9",.0,"9",.0,"9",.0,"9",.0,"9",.0,"9",3.0,"",.0,"9",0,"",0,"","R",0,"9",0,"9",0,""
"351190465","£”Dè","2018","06","18",27.0,"",12.9,"",20.6,"",11.6,"",.0,"9","",0,"9",.0,"9",10.9,"",.0,"9",.0,"9",.0,"9",.0,"9",.0,"9",.0,"9",.0,"9",.0,"9",.0,"9",.0,"9",.0,"9",.0,"9",.0,"9",.0,"9",.0,"9",.0,"9",0,"",0,"","R",0,"9",0,"9",0,""
"351190465","£”Dè","2018","06","19",26.7,"",11.1,"",20.5,"",8.7,"",.0,"9","",0,"9",.0,"9",8.3,"",.0,"9",.0,"9",.0,"9",.0,"9",.0,"9",.0,"9",.0,"9",.0,"9",.0,"9",.0,"9",.0,"9",.0,"9",.0,"9",.0,"9",.0,"9",.0,"9",0,"",0,"","R",0,"9",0,"9",0,""
"351190465","£”Dè","2018","06","20",27.9,"",12.3,"",20.9,"",9.7,"",.0,"9","",0,"9",.0,"9",9.5,"",.0,"9",.0,"9",.0,"9",.0,"9",.0,"9",.0,"9",.0,"9",.0,"9",.0,"9",.0,"9",.0,"9",.0,"9",.0,"9",.0,"9",.0,"9",.0,"9",0,"",0,"","R",0,"9",0,"9",0,""
"351190465","£”Dè","2018","06","21",31.9,"",13.4,"",21.1,"",11.0,"",.3,"","W",0,"9",.0,"9",11.8,"",.8,"",.0,"9",.0,"9",.0,"9",.0,"9",.0,"9",.0,"9",.0,"9",.0,"9",.0,"9",.0,"9",1.0,"",.0,"9",.0,"9",.0,"9",.0,"9",0,"",0,"","R",0,"9",0,"9",0,""
"351190465","£”Dè","2018","06","22",17.1,"",9.6,"",12.7,"",8.7,"",.0,"9","",0,"9",.0,"9",8.3,"",.0,"9",.0,"9",.0,"9",.0,"9",.0,"9",.0,"9",.0,"9",.0,"9",.0,"9",.0,"9",.0,"9",.0,"9",.0,"9",.0,"9",.0,"9",.0,"9",0,"",0,"","R",0,"9",0,"9",0,""
"351190465","£”Dè","2018","06","23",15.8,"",6.2,"",11.1,"",3.3,"",.6,"","W",0,"9",.0,"9",2.0,"",4.9,"",.0,"9",.0,"9",.0,"9",.0,"9",.0,"9",.0,"9",.0,"9",.0,"9",.0,"9",.0,"9",.0,"9",.0,"9",.0,"9",.0,"9",.0,"9",0,"",0,"","R",0,"9",0,"9",0,""
"351190465","£”Dè","2018","06","24",19.0,"",10.2,"",12.6,"",9.6,"",4.7,"","W",0,"9",.0,"9",1.1,"",3.7,"",.0,"9",.0,"9",.0,"9",.0,"9",2.7,"",.0,"9",.0,"9",.0,"9",.0,"9",.0,"9",.2,"",.0,"9",.0,"9",.0,"9",.0,"9",0,"",0,"","R",0,"9",0,"9",0,""
"351190465","£”Dè","2018","06","25",19.9,"",10.4,"",13.6,"",9.8,"",9.6,"","W",0,"9",.0,"9",2.8,"",3.7,"",.0,"9",.0,"9",.0,"9",2.3,"",3.5,"",.0,"9",.0,"9",.0,"9",.0,"9",.0,"9",.0,"9",.0,"9",1.1,"",.0,"9",.0,"9",0,"",0,"","R",0,"9",0,"9",0,""
"351190465","£”Dè","2018","06","26",18.9,"",7.8,"",13.0,"",6.6,"",.8,"","W",0,"9",.0,"9",2.2,"",2.6,"",.0,"9",.0,"9",.0,"9",.8,"",5.6,"",.0,"9",.0,"9",.0,"9",.0,"9",.0,"9",.0,"9",.0,"9",.1,"",.0,"9",.0,"9",0,"",0,"","R",0,"9",0,"9",0,""
"351190465","£”Dè","2018","06","27",23.3,"",9.9,"",17.0,"",8.1,"",2.2,"","W",0,"9",.0,"9",10.2,"",.3,"",.0,"9",.0,"9",.0,"9",.0,"9",.0,"9",.0,"9",.0,"9",.0,"9",.0,"9",.0,"9",.0,"9",.0,"9",.5,"",.0,"9",.0,"9",0,"",0,"","R",0,"9",0,"9",0,""
"351190465","£”Dè","2018","06","28",27.0,"",16.8,"",21.6,"",15.5,"",.2,"","W",0,"9",.0,"9",5.3,"",2.9,"",.0,"9",.0,"9",.0,"9",.0,"9",.0,"9",.0,"9",.0,"9",.0,"9",.0,"9",.0,"9",.0,"9",.0,"9",.0,"9",.0,"9",.0,"9",0,"",0,"","R",0,"9",0,"9",0,""
"351190465","£”Dè","2018","06","29",28.5,"",15.1,"",21.5,"",13.3,"",.0,"9","",0,"9",.0,"9",12.2,"",.0,"9",.0,"9",.0,"9",.0,"9",.0,"9",.0,"9",.0,"9",.0,"9",.0,"9",.0,"9",.0,"9",.0,"9",.0,"9",.0,"9",.0,"9",.0,"9",0,"",0,"","R",0,"9",0,"9",0,""
"351190465","£”Dè","2018","06","30",21.6,"",8.4,"",13.8,"",7.7,"",.0,"","W",0,"9",.0,"9",2.5,"",.0,"9",.0,"9",.0,"9",.0,"9",.0,"9",.0,"9",.0,"9",.0,"9",.0,"9",.0,"9",.0,"9",.0,"9",.0,"9",.0,"9",.0,"9",.0,"9",0,"",0,"","R",0,"9",0,"9",0,""
"351190465","£”Dè","2018","07","01",16.7,"",7.8,"",12.4,"",5.7,"",.0,"","W",0,"9",.0,"9",2.3,"",.4,"",.0,"9",.0,"9",.0,"9",.0,"9",.0,"9",.0,"9",.0,"9",.0,"9",.0,"9",.0,"9",.0,"9",.0,"9",.0,"9",3.0,"",.0,"9",0,"",0,"","R",0,"9",0,"9",0,""
"351190465","£”Dè","2018","07","02",16.7,"",6.7,"",12.7,"",3.7,"",.0,"","W",0,"9",.0,"9",.2,"",.7,"",.0,"9",.0,"9",.0,"9",.0,"9",.0,"9",.0,"9",.0,"9",.0,"9",.0,"9",.0,"9",.0,"9",.0,"9",.0,"9",7.0,"",.0,"9",0,"",0,"","R",0,"9",0,"9",0,""
"351190465","£”Dè","2018","07","03",25.3,"",11.7,"",18.9,"",10.5,"",.0,"9","",0,"9",.0,"9",9.5,"",.0,"9",.0,"9",.0,"9",.0,"9",.0,"9",.0,"9",.0,"9",.0,"9",.0,"9",.0,"9",.0,"9",.0,"9",.0,"9",.0,"9",.0,"9",.0,"9",0,"",0,"","R",0,"9",0,"9",0,""
"351190465","£”Dè","2018","07","04",27.8,"",10.0,"",20.3,"",7.9,"",.0,"9","",0,"9",.0,"9",13.4,"",.0,"9",.0,"9",.0,"9",.0,"9",.0,"9",.0,"9",.0,"9",.0,"9",.0,"9",.0,"9",.0,"9",.0,"9",.0,"9",.0,"9",8.0,"",.0,"9",0,"",0,"","R",0,"9",0,"9",0,""
"351190465","£”Dè","2018","07","05",31.5,"",9.8,"",22.3,"",7.8,"",.0,"9","",0,"9",.0,"9",12.3,"",.0,"9",.0,"9",.0,"9",.0,"9",.0,"9",.0,"9",.0,"9",.0,"9",.0,"9",.0,"9",.0,"9",.0,"9",.0,"9",.0,"9",6.5,"",.0,"9",0,"",0,"","R",0,"9",0,"9",0,""
"351190465","£”Dè","2018","07","06",26.9,"",14.9,"",20.6,"",12.9,"",.0,"9","",0,"9",.0,"9",14.9,"",.0,"9",.0,"9",.0,"9",.0,"9",.0,"9",.0,"9",.0,"9",.0,"9",.0,"9",.0,"9",.0,"9",.0,"9",.0,"9",.0,"9",5.0,"",.0,"9",0,"",0,"","R",0,"9",0,"9",0,""
"351190465","£”Dè","2018","07","07",26.4,"",11.5,"",19.7,"",9.1,"",.0,"","W",0,"9",.0,"9",13.9,"",.0,"9",.0,"9",.0,"9",.0,"9",.0,"9",.0,"9",.0,"9",.0,"9",.0,"9",.0,"9",.0,"9",.0,"9",.0,"9",.0,"9",5.0,"",.0,"9",0,"",0,"","R",0,"9",0,"9",0,""
"351190465","£”Dè","2018","07","08",25.9,"",14.8,"",20.0,"",13.0,"",.0,"9","",0,"9",.0,"9",5.4,"",.5,"",.0,"9",.0,"9",.0,"9",.0,"9",.0,"9",.0,"9",.0,"9",.0,"9",.0,"9",.0,"9",.0,"9",.0,"9",.0,"9",1.0,"",.0,"9",0,"",0,"","R",0,"9",0,"9",0,""
"351190465","£”Dè","2018","07","09",27.2,"",12.0,"",20.3,"",10.3,"",.0,"9","",0,"9",.0,"9",7.9,"",.0,"9",.0,"9",.0,"9",.0,"9",.0,"9",.0,"9",.0,"9",.0,"9",.0,"9",.0,"9",.0,"9",.0,"9",.0,"9",.0,"9",6.0,"",.0,"9",0,"",0,"","R",0,"9",0,"9",0,""
"351190465","£”Dè","2018","07","10",27.4,"",11.6,"",19.1,"",8.9,"",.3,"","W",0,"9",.0,"9",5.6,"",.2,"",.0,"9",.0,"9",.0,"9",.0,"9",.0,"9",.0,"9",.0,"9",.0,"9",.0,"9",.0,"9",.0,"9",.0,"9",.0,"9",2.5,"",.0,"9",0,"",0,"","R",0,"9",0,"9",0,""
"351190465","£”Dè","2018","07","11",24.6,"",14.5,"",18.4,"",13.8,"",6.9,"","W",0,"9",.0,"9",1.1,"",11.2,"",.0,"9",.0,"9",.0,"9",.0,"9",7.2,"",.0,"9",.0,"9",.0,"9",.0,"9",.0,"9",.0,"9",.0,"9",.7,"",.0,"9",.0,"9",0,"",0,"","R",0,"9",0,"9",0,""
"351190465","£”Dè","2018","07","12",22.5,"",14.8,"",17.0,"",15.0,"",1.3,"","W",0,"9",.0,"9",5.7,"",1.9,"",.0,"9",.0,"9",.0,"9",.0,"9",5.8,"",.0,"9",.0,"9",.0,"9",.0,"9",.0,"9",.0,"9",.0,"9",1.1,"",.0,"9",.0,"9",0,"",0,"","R",0,"9",0,"9",0,""
"351190465","£”Dè","2018","07","13",20.3,"",10.9,"",16.3,"",9.4,"",10.7,"","W",0,"9",.0,"9",4.0,"",5.3,"",.0,"9",.0,"9",.0,"9",.0,"9",6.3,"",.0,"9",.0,"9",.0,"9",.0,"9",.0,"9",.0,"9",.0,"9",.0,"9",.0,"9",.0,"9",0,"",0,"","R",0,"9",0,"9",0,""
"351190465","£”Dè","2018","07","14",23.1,"",15.9,"",17.9,"",15.7,"",4.2,"","W",0,"9",.0,"9",2.9,"",7.5,"",.0,"9",.0,"9",.0,"9",.0,"9",1.5,"",.0,"9",.0,"9",.0,"9",.0,"9",.0,"9",.0,"9",.0,"9",.0,"9",.0,"9",.0,"9",0,"",0,"","R",0,"9",0,"9",0,""
"351190465","£”Dè","2018","07","15",26.2,"",14.2,"",19.2,"",14.3,"",4.9,"","W",0,"9",.0,"9",8.4,"",3.2,"",.0,"9",.0,"9",.0,"9",.0,"9",.0,"9",.0,"9",.0,"9",.0,"9",.0,"9",.0,"9",.0,"9",.0,"9",.0,"9",.0,"9",.0,"9",0,"",0,"","R",0,"9",0,"9",0,""
"351190465","£”Dè","2018","07","16",20.0,"",15.9,"",18.1,"",15.7,"",29.4,"","W",0,"9",.0,"9",2.0,"",6.3,"",.0,"9",.0,"9",.0,"9",.0,"9",.0,"9",.0,"9",.0,"9",.0,"9",.0,"9",.0,"9",.0,"9",.0,"9",.2,"",.0,"9",.0,"9",0,"",0,"","R",0,"9",0,"9",0,""
"351190465","£”Dè","2018","07","17",21.6,"",17.9,"",19.1,"",17.6,"",6.8,"","W",0,"9",.0,"9",.5,"",14.9,"",.0,"9",.0,"9",.0,"9",.0,"9",4.0,"",.0,"9",.0,"9",.0,"9",.0,"9",.0,"9",.0,"9",.0,"9",.0,"9",.0,"9",.0,"9",0,"",0,"","R",0,"9",0,"9",0,""
"351190465","£”Dè","2018","07","18",25.8,"",18.5,"",20.8,"",18.0,"",19.8,"","W",0,"9",.0,"9",3.0,"",7.1,"",.0,"9",.0,"9",.0,"9",.0,"9",11.8,"",.0,"9",.0,"9",.0,"9",.0,"9",.0,"9",.0,"9",.0,"9",1.1,"",.0,"9",.0,"9",0,"",0,"","R",0,"9",0,"9",0,""
"351190465","£”Dè","2018","07","19",22.7,"",18.2,"",19.7,"",18.1,"",1.7,"","W",0,"9",.0,"9",1.4,"",7.4,"",.0,"9",.0,"9",.0,"9",.0,"9",4.7,"",.0,"9",.0,"9",.0,"9",.0,"9",.0,"9",.0,"9",.0,"9",.0,"9",.0,"9",.0,"9",0,"",0,"","R",0,"9",0,"9",0,""
"351190465","£”Dè","2018","07","20",26.4,"",17.3,"",21.6,"",17.3,"",.0,"9","",0,"9",.0,"9",12.8,"",.0,"9",.0,"9",.0,"9",.0,"9",.0,"9",.0,"9",.0,"9",.0,"9",.0,"9",.0,"9",.0,"9",.0,"9",.0,"9",.0,"9",1.0,"",.0,"9",0,"",0,"","R",0,"9",0,"9",0,""
"351190465","£”Dè","2018","07","21",26.9,"",13.2,"",19.9,"",12.2,"",.0,"9","",0,"9",.0,"9",10.4,"",.0,"9",.0,"9",.0,"9",.0,"9",.0,"9",.0,"9",.0,"9",.0,"9",.0,"9",.0,"9",.0,"9",.0,"9",.0,"9",.0,"9",13.0,"",.0,"9",0,"",0,"","R",0,"9",0,"9",0,""
"351190465","£”Dè","2018","07","22",28.3,"",11.8,"",21.3,"",10.8,"",.0,"9","",0,"9",.0,"9",13.4,"",.0,"9",.0,"9",.0,"9",.0,"9",.0,"9",2.0,"",.0,"9",.0,"9",.0,"9",.0,"9",.0,"9",.0,"9",.0,"9",.0,"9",7.0,"",.0,"9",0,"",0,"","R",0,"9",0,"9",0,""
"351190465","£”Dè","2018","07","23",27.5,"",15.3,"",22.1,"",13.8,"",.0,"9","",0,"9",.0,"9",14.6,"",.0,"9",.0,"9",.0,"9",.0,"9",.0,"9",.0,"9",.0,"9",.0,"9",.0,"9",.0,"9",.0,"9",.0,"9",.0,"9",.0,"9",8.0,"",.0,"9",0,"",0,"","R",0,"9",0,"9",0,""
"351190465","£”Dè","2018","07","24",27.5,"",13.5,"",21.4,"",12.1,"",.0,"9","",0,"9",.0,"9",11.9,"",.0,"9",.0,"9",.0,"9",.0,"9",.0,"9",.0,"9",.0,"9",.0,"9",.0,"9",.0,"9",.0,"9",.0,"9",.0,"9",.0,"9",6.0,"",.0,"9",0,"",0,"","R",0,"9",0,"9",0,""
"351190465","£”Dè","2018","07","25",27.2,"",14.6,"",21.7,"",13.4,"",.2,"","W",0,"9",.0,"9",11.4,"",1.1,"",.0,"9",.0,"9",.0,"9",.0,"9",.0,"9",.0,"9",.0,"9",.0,"9",.0,"9",.0,"9",.0,"9",.0,"9",1.5,"",6.0,"",.0,"9",0,"",0,"","R",0,"9",0,"9",0,""
"351190465","£”Dè","2018","07","26",28.4,"",17.7,"",22.1,"",16.2,"",6.0,"","W",0,"9",.0,"9",9.4,"",.8,"",.0,"9",.0,"9",.0,"9",.0,"9",.0,"9",.0,"9",.0,"9",.0,"9",.0,"9",.0,"9",.2,"",.0,"9",1.4,"",.0,"9",.0,"9",0,"",0,"","R",0,"9",0,"9",0,""
"351190465","£”Dè","2018","07","27",26.3,"",16.4,"",21.3,"",15.5,"",.2,"","W",0,"9",.0,"9",5.5,"",2.0,"",.0,"9",.0,"9",.0,"9",.0,"9",3.3,"",.0,"9",.0,"9",.0,"9",.0,"9",.0,"9",.0,"9",.0,"9",1.9,"",4.0,"",.0,"9",0,"",0,"","R",0,"9",0,"9",0,""
"351190465","£”Dè","2018","07","28",30.2,"",14.9,"",23.0,"",14.0,"",.0,"9","",0,"9",.0,"9",13.7,"",.0,"9",.0,"9",.0,"9",.0,"9",.0,"9",1.9,"",.0,"9",.0,"9",.0,"9",.0,"9",.0,"9",.0,"9",.0,"9",.0,"9",9.5,"",.0,"9",0,"",0,"","R",0,"9",0,"9",0,""
"351190465","£”Dè","2018","07","29",30.5,"",17.4,"",22.9,"",16.0,"",15.4,"","W",0,"9",.0,"9",9.3,"",3.2,"",.0,"9",.0,"9",.0,"9",.0,"9",3.3,"",.0,"9",.0,"9",.0,"9",.0,"9",.0,"9",.0,"9",.0,"9",3.5,"",5.0,"",.0,"9",0,"",0,"","R",0,"9",0,"9",0,""
"351190465","£”Dè","2018","07","30",28.8,"",18.0,"",22.8,"",16.8,"",.0,"","W",0,"9",.0,"9",6.4,"",.1,"",.0,"9",.0,"9",.0,"9",.0,"9",7.7,"",.0,"9",.0,"9",.0,"9",.0,"9",.0,"9",.0,"9",.0,"9",.4,"",2.5,"",.0,"9",0,"",0,"","R",0,"9",0,"9",0,""
"351190465","£”Dè","2018","07","31",31.0,"",17.8,"",25.3,"",16.7,"",.0,"9","",0,"9",.0,"9",14.3,"",.0,"9",.0,"9",.0,"9",.0,"9",.0,"9",.0,"9",.0,"9",.0,"9",.0,"9",.0,"9",.0,"9",.0,"9",.0,"9",.0,"9",5.5,"",.0,"9",0,"",0,"","R",0,"9",0,"9",0,""
"351190465","£”Dè","2018","08","01",31.3,"",18.0,"",25.1,"",15.9,"",.0,"9","",0,"9",.0,"9",13.3,"",.0,"9",.0,"9",.0,"9",.0,"9",.0,"9",.0,"9",.0,"9",.0,"9",.0,"9",.0,"9",.0,"9",.0,"9",.0,"9",.0,"9",6.5,"",.0,"9",0,"",0,"","R",0,"9",0,"9",0,""
"351190465","£”Dè","2018","08","02",31.6,"",18.7,"",25.1,"",17.3,"",.0,"9","",0,"9",.0,"9",11.4,"",.0,"9",.0,"9",.0,"9",.0,"9",.0,"9",.0,"9",.0,"9",.0,"9",.0,"9",.0,"9",.0,"9",.0,"9",.0,"9",.0,"9",7.0,"",.0,"9",0,"",0,"","R",0,"9",0,"9",0,""
"351190465","£”Dè","2018","08","03",30.6,"",17.3,"",23.0,"",16.1,"",1.3,"","W",0,"9",.0,"9",8.2,"",1.2,"",.0,"9",.0,"9",.0,"9",.0,"9",.0,"9",.0,"9",.0,"9",.0,"9",.0,"9",.0,"9",.0,"9",.0,"9",1.5,"",12.0,"",.0,"9",0,"",0,"","R",0,"9",0,"9",0,""
"351190465","£”Dè","2018","08","04",30.4,"",17.1,"",23.6,"",15.8,"",3.7,"","W",0,"9",.0,"9",13.1,"",.0,"9",.0,"9",.0,"9",.0,"9",.0,"9",4.9,"",.0,"9",.0,"9",.0,"9",.0,"9",.0,"9",.0,"9",.0,"9",.0,"9",11.0,"",.0,"9",0,"",0,"","R",0,"9",0,"9",0,""
"351190465","£”Dè","2018","08","05",26.5,"",17.9,"",21.1,"",16.6,"",.0,"","W",0,"9",.0,"9",7.0,"",2.1,"",.0,"9",.0,"9",.0,"9",.0,"9",.0,"9",.0,"9",.0,"9",.0,"9",.0,"9",.0,"9",.0,"9",.0,"9",2.0,"",3.8,"",.0,"9",0,"",0,"","R",0,"9",0,"9",0,""
"351190465","£”Dè","2018","08","06",24.0,"",11.8,"",18.8,"",10.2,"",.0,"9","",0,"9",.0,"9",10.2,"",.0,"9",.0,"9",.0,"9",.0,"9",.0,"9",.0,"9",.0,"9",.0,"9",.0,"9",.0,"9",.0,"9",.0,"9",.0,"9",.0,"9",8.0,"",.0,"9",0,"",0,"","R",0,"9",0,"9",0,""
"351190465","£”Dè","2018","08","07",28.3,"",11.0,"",21.0,"",8.5,"",.0,"9","",0,"9",.0,"9",14.4,"",.0,"9",.0,"9",.0,"9",.0,"9",.0,"9",.0,"9",.0,"9",.0,"9",.0,"9",.0,"9",.0,"9",.0,"9",.0,"9",.0,"9",6.0,"",.0,"9",0,"",0,"","R",0,"9",0,"9",0,""
"351190465","£”Dè","2018","08","08",31.8,"",13.6,"",23.5,"",10.3,"",1.5,"","W",0,"9",.0,"9",13.7,"",1.6,"",.0,"9",.0,"9",.0,"9",.0,"9",.0,"9",.0,"9",.0,"9",.0,"9",.0,"9",.0,"9",.0,"9",.0,"9",2.6,"",.0,"9",.0,"9",0,"",0,"","R",0,"9",0,"9",0,""
"351190465","£”Dè","2018","08","09",32.3,"",19.5,"",25.0,"",18.6,"",.0,"","W",0,"9",.0,"9",8.7,"",1.6,"",.0,"9",.0,"9",.0,"9",.0,"9",.0,"9",.0,"9",.0,"9",.0,"9",.0,"9",.0,"9",.0,"9",.0,"9",.3,"",.0,"9",.0,"9",0,"",0,"","R",0,"9",0,"9",0,""
"351190465","£”Dè","2018","08","10",28.6,"",20.0,"",23.0,"",18.3,"",6.5,"","W",0,"9",.0,"9",11.5,"",1.5,"",.0,"9",.0,"9",.0,"9",.0,"9",.0,"9",.0,"9",.0,"9",.0,"9",.0,"9",.0,"9",.0,"9",.0,"9",.0,"9",.0,"9",.0,"9",0,"",0,"","R",0,"9",0,"9",0,""
"351190465","£”Dè","2018","08","11",22.7,"",15.8,"",17.8,"",16.1,"",4.4,"","W",0,"9",.0,"9",5.0,"",8.3,"",.0,"9",.0,"9",.0,"9",.0,"9",8.2,"",.0,"9",.0,"9",.0,"9",.0,"9",.0,"9",.0,"9",.0,"9",.0,"9",.0,"9",.0,"9",0,"",1,"","R",0,"9",0,"9",0,""
"351190465","£”Dè","2018","08","12",23.6,"",10.1,"",17.0,"",8.0,"",.0,"9","",0,"9",.0,"9",14.2,"",.0,"9",.0,"9",.0,"9",.0,"9",.0,"9",4.5,"",.0,"9",.0,"9",.0,"9",.0,"9",.0,"9",.0,"9",.0,"9",.0,"9",.0,"9",.0,"9",0,"",0,"","R",0,"9",0,"9",0,""
"351190465","£”Dè","2018","08","13",30.0,"",11.6,"",21.6,"",9.9,"",.0,"9","",0,"9",.0,"9",13.2,"",.0,"9",.0,"9",.0,"9",.0,"9",.0,"9",.0,"9",.0,"9",.0,"9",.0,"9",.0,"9",.0,"9",.0,"9",.0,"9",.0,"9",10.5,"",.0,"9",0,"",0,"","R",0,"9",0,"9",0,""
"351190465","£”Dè","2018","08","14",24.9,"",15.7,"",19.9,"",13.4,"",2.7,"","W",0,"9",.0,"9",9.1,"",1.4,"",.0,"9",.0,"9",.0,"9",.0,"9",2.0,"",.0,"9",.0,"9",.0,"9",.0,"9",.0,"9",.0,"9",.0,"9",.5,"",9.0,"",.0,"9",0,"",0,"","R",0,"9",0,"9",0,""
"351190465","£”Dè","2018","08","15",23.4,"",14.0,"",18.5,"",11.9,"",1.1,"","W",0,"9",.0,"9",3.7,"",.6,"",.0,"9",.0,"9",.0,"9",.0,"9",2.8,"",.0,"9",.0,"9",.0,"9",.0,"9",.0,"9",.0,"9",.0,"9",.0,"9",13.0,"",.0,"9",0,"",0,"","R",0,"9",0,"9",0,""
"351190465","£”Dè","2018","08","16",25.3,"",11.3,"",18.8,"",9.8,"",.0,"9","",0,"9",.0,"9",12.1,"",.0,"9",.0,"9",.0,"9",.0,"9",.0,"9",2.0,"",.0,"9",.0,"9",.0,"9",.0,"9",.0,"9",.0,"9",.0,"9",.0,"9",9.5,"",.0,"9",0,"",0,"","R",0,"9",0,"9",0,""
"351190465","£”Dè","2018","08","17",27.1,"",13.2,"",20.7,"",10.9,"",.0,"9","",0,"9",.0,"9",11.1,"",.0,"9",.0,"9",.0,"9",.0,"9",.0,"9",.0,"9",.0,"9",.0,"9",.0,"9",.0,"9",.0,"9",.0,"9",.0,"9",.0,"9",8.5,"",.0,"9",0,"",0,"","R",0,"9",0,"9",0,""
"351190465","£”Dè","2018","08","18",27.7,"",14.8,"",20.8,"",12.7,"",.0,"","W",0,"9",.0,"9",7.7,"",1.4,"",.0,"9",.0,"9",.0,"9",.0,"9",4.2,"",.0,"9",.0,"9",.0,"9",.0,"9",.0,"9",.0,"9",.0,"9",3.9,"",8.0,"",.0,"9",0,"",0,"","R",0,"9",0,"9",0,""
"351190465","£”Dè","2018","08","19",29.0,"",13.6,"",21.1,"",11.8,"",.0,"9","",0,"9",.0,"9",11.7,"",.0,"9",.0,"9",.0,"9",.0,"9",.0,"9",5.8,"",.0,"9",.0,"9",.0,"9",.0,"9",.0,"9",.0,"9",.0,"9",.0,"9",10.5,"",.0,"9",0,"",0,"","R",0,"9",0,"9",0,""
"351190465","£”Dè","2018","08","20",31.6,"",14.5,"",22.8,"",12.5,"",.0,"9","",0,"9",.0,"9",11.9,"",.0,"9",.0,"9",.0,"9",.0,"9",.0,"9",.0,"9",.0,"9",.0,"9",.0,"9",.0,"9",.0,"9",.0,"9",.0,"9",.0,"9",7.0,"",.0,"9",0,"",0,"","R",0,"9",0,"9",0,""
"351190465","£”Dè","2018","08","21",25.3,"",13.7,"",17.7,"",11.5,"",.0,"9","",0,"9",.0,"9",5.3,"",.0,"9",.0,"9",.0,"9",.0,"9",.0,"9",.0,"9",.0,"9",.0,"9",.0,"9",.0,"9",.0,"9",.0,"9",.0,"9",.0,"9",9.5,"",.0,"9",0,"",0,"","R",0,"9",0,"9",0,""
"351190465","£”Dè","2018","08","22",25.1,"",8.8,"",18.1,"",5.9,"",.0,"9","",0,"9",.0,"9",13.3,"",.0,"9",.0,"9",.0,"9",.0,"9",.0,"9",.0,"9",.0,"9",.0,"9",.0,"9",.0,"9",.0,"9",.0,"9",.0,"9",.0,"9",5.5,"",.0,"9",0,"",0,"","R",0,"9",0,"9",0,""
"351190465","£”Dè","2018","08","23",30.7,"",14.1,"",22.8,"",12.6,"",.0,"9","",0,"9",.0,"9",12.5,"",.0,"9",.0,"9",.0,"9",.0,"9",.0,"9",.0,"9",.0,"9",.0,"9",.0,"9",.0,"9",.0,"9",.0,"9",.0,"9",.0,"9",.0,"9",.0,"9",0,"",0,"","R",0,"9",0,"9",0,""
"351190465","£”Dè","2018","08","24",30.0,"",19.3,"",22.6,"",18.7,"",10.7,"","W",0,"9",.0,"9",7.1,"",4.5,"",.0,"9",.0,"9",.0,"9",.0,"9",4.8,"",.0,"9",.0,"9",.0,"9",.0,"9",.0,"9",.0,"9",.0,"9",2.9,"",.0,"9",.0,"9",0,"",0,"","R",0,"9",0,"9",0,""
"351190465","£”Dè","2018","08","25",19.4,"",15.5,"",16.9,"",15.1,"",5.6,"","W",0,"9",.0,"9",.3,"",5.8,"",.0,"9",.0,"9",.0,"9",.0,"9",6.4,"",.0,"9",.0,"9",.0,"9",.0,"9",.0,"9",.0,"9",.0,"9",.6,"",1.9,"",.0,"9",0,"",0,"","R",0,"9",0,"9",0,""
"351190465","£”Dè","2018","08","26",16.4,"",11.7,"",13.1,"",11.0,"",3.1,"","W",0,"9",.0,"9",2.1,"",8.4,"",.0,"9",.0,"9",.0,"9",.0,"9",10.3,"",.0,"9",.0,"9",.0,"9",.0,"9",.0,"9",.0,"9",.0,"9",.0,"9",.0,"9",.0,"9",0,"",0,"","R",0,"9",0,"9",0,""
"351190465","£”Dè","2018","08","27",20.5,"",5.3,"",13.6,"",3.9,"",.0,"9","",0,"9",.0,"9",12.2,"",.0,"9",.0,"9",.0,"9",.0,"9",.0,"9",4.5,"",.0,"9",.0,"9",.0,"9",.0,"9",.0,"9",.0,"9",.0,"9",.0,"9",.0,"9",.0,"9",0,"",0,"","R",0,"9",0,"9",0,""
"351190465","£”Dè","2018","08","28",20.4,"",12.3,"",15.7,"",9.7,"",.3,"","W",0,"9",.0,"9",5.1,"",.3,"",.0,"9",.0,"9",.0,"9",.0,"9",1.9,"",.0,"9",.0,"9",.0,"9",.0,"9",.0,"9",.0,"9",.0,"9",.0,"9",.0,"9",.0,"9",0,"",0,"","R",0,"9",0,"9",0,""
"351190465","£”Dè","2018","08","29",22.3,"",6.6,"",15.6,"",4.8,"",.0,"9","",0,"9",.0,"9",11.9,"",.0,"9",.0,"9",.0,"9",.0,"9",.0,"9",4.9,"",.0,"9",.0,"9",.0,"9",.0,"9",.0,"9",.0,"9",.0,"9",.0,"9",5.0,"",.0,"9",0,"",0,"","R",0,"9",0,"9",0,""
"351190465","£”Dè","2018","08","30",26.4,"",10.5,"",18.6,"",7.1,"",.9,"","W",0,"9",.0,"9",10.3,"",.9,"",.0,"9",.0,"9",.0,"9",.0,"9",2.5,"",.0,"9",.0,"9",.0,"9",.0,"9",.0,"9",.0,"9",.0,"9",1.0,"",8.0,"",.0,"9",0,"",0,"","R",0,"9",0,"9",0,""
"351190465","£”Dè","2018","08","31",22.2,"",15.5,"",17.1,"",12.7,"",.0,"9","",0,"9",.0,"9",5.3,"",.0,"9",.0,"9",.0,"9",.0,"9",.0,"9",4.5,"",.0,"9",.0,"9",.0,"9",.0,"9",.0,"9",.0,"9",.0,"9",.0,"9",5.0,"",.0,"9",0,"",0,"","R",0,"9",0,"9",0,""
"351190465","£”Dè","2018","09","01",23.8,"",10.3,"",18.0,"",8.4,"",.0,"9","",0,"9",.0,"9",8.0,"",.0,"9",.0,"9",.0,"9",.0,"9",.0,"9",.0,"9",.0,"9",.0,"9",.0,"9",.0,"9",.0,"9",.0,"9",.0,"9",.0,"9",8.0,"",.0,"9",0,"",0,"","R",0,"9",0,"9",0,""
"351190465","£”Dè","2018","09","02",27.0,"",14.2,"",21.4,"",13.1,"",.0,"9","",0,"9",.0,"9",10.9,"",.0,"9",.0,"9",.0,"9",.0,"9",.0,"9",.0,"9",.0,"9",.0,"9",.0,"9",.0,"9",.0,"9",.0,"9",.0,"9",.0,"9",.0,"9",.0,"9",0,"",0,"","R",0,"9",0,"9",0,""
"351190465","£”Dè","2018","09","03",26.0,"",13.8,"",20.6,"",11.3,"",.0,"9","",0,"9",.0,"9",10.8,"",.0,"9",.0,"9",.0,"9",.0,"9",.0,"9",.0,"9",.0,"9",.0,"9",.0,"9",.0,"9",.0,"9",.0,"9",.0,"9",.0,"9",.0,"9",.0,"9",0,"",0,"","R",0,"9",0,"9",0,""
"351190465","£”Dè","2018","09","04",25.3,"",13.1,"",19.0,"",10.2,"",.0,"9","",0,"9",.0,"9",10.5,"",.0,"9",.0,"9",.0,"9",.0,"9",.0,"9",.0,"9",.0,"9",.0,"9",.0,"9",.0,"9",.0,"9",.0,"9",.0,"9",.0,"9",4.5,"",.0,"9",0,"",0,"","R",0,"9",0,"9",0,""
"351190465","£”Dè","2018","09","05",22.5,"",11.7,"",16.4,"",9.6,"",.0,"","W",0,"9",.0,"9",5.3,"",.2,"",.0,"9",.0,"9",.0,"9",.0,"9",6.4,"",.0,"9",.0,"9",.0,"9",.0,"9",.0,"9",.0,"9",.0,"9",.0,"9",12.0,"",.0,"9",0,"",0,"","R",0,"9",0,"9",0,""
"351190465","£”Dè","2018","09","06",23.3,"",9.3,"",16.1,"",6.5,"",.0,"9","",0,"9",.0,"9",8.4,"",.0,"9",.0,"9",.0,"9",.0,"9",1.1,"",6.6,"",.0,"9",.0,"9",.0,"9",.0,"9",.0,"9",.0,"9",.0,"9",.0,"9",5.3,"",.0,"9",0,"",0,"","R",0,"9",0,"9",0,""
"351190465","£”Dè","2018","09","07",25.9,"",8.8,"",17.3,"",7.0,"",.0,"9","",0,"9",.0,"9",11.6,"",.0,"9",.0,"9",.0,"9",.0,"9",.1,"",8.5,"",.0,"9",.0,"9",.0,"9",.0,"9",.0,"9",.0,"9",.0,"9",.0,"9",6.0,"",.0,"9",0,"",0,"","R",0,"9",0,"9",0,""
"351190465","£”Dè","2018","09","08",20.5,"",9.7,"",15.2,"",8.3,"",1.9,"","W",0,"9",.0,"9",2.8,"",1.8,"",.0,"9",.0,"9",.0,"9",.0,"9",10.8,"",.0,"9",.0,"9",.0,"9",.0,"9",.0,"9",.0,"9",.0,"9",.0,"9",8.0,"",.0,"9",0,"",0,"","R",0,"9",0,"9",0,""
"351190465","£”Dè","2018","09","09",22.9,"",5.8,"",14.8,"",4.1,"",.0,"9","",0,"9",.0,"9",8.3,"",.0,"9",.0,"9",.0,"9",.0,"9",1.8,"",5.1,"",.0,"9",.0,"9",.0,"9",.0,"9",.0,"9",.0,"9",.0,"9",.0,"9",2.5,"",.0,"9",0,"",0,"","R",0,"9",0,"9",0,""
"351190465","£”Dè","2018","09","10",25.3,"",7.7,"",16.4,"",5.1,"",.0,"9","",0,"9",.0,"9",11.1,"",.0,"9",.0,"9",.0,"9",.0,"9",.0,"9",4.7,"",.0,"9",.0,"9",.0,"9",.0,"9",.0,"9",.0,"9",.0,"9",.0,"9",12.0,"",.0,"9",0,"",0,"","R",0,"9",0,"9",0,""
"351190465","£”Dè","2018","09","11",23.1,"",11.3,"",16.4,"",8.9,"",.0,"9","",0,"9",.0,"9",1.2,"",.0,"9",.0,"9",.0,"9",.0,"9",.0,"9",3.3,"",.0,"9",.0,"9",.0,"9",.0,"9",.0,"9",.0,"9",.0,"9",.0,"9",10.0,"",.0,"9",0,"",0,"","R",0,"9",0,"9",0,""
"351190465","£”Dè","2018","09","12",29.5,"",11.2,"",19.2,"",8.3,"",.0,"9","",0,"9",.0,"9",12.3,"",.0,"9",.0,"9",.0,"9",.0,"9",.0,"9",.0,"9",.0,"9",.0,"9",.0,"9",.0,"9",.0,"9",.0,"9",.0,"9",.0,"9",7.0,"",.0,"9",0,"",0,"","R",0,"9",0,"9",0,""
"351190465","£”Dè","2018","09","13",22.9,"",12.8,"",18.0,"",10.3,"",13.1,"","W",0,"9",.0,"9",7.6,"",4.2,"",.0,"9",.0,"9",.0,"9",.0,"9",.0,"9",.0,"9",.0,"9",.0,"9",.0,"9",.0,"9",.0,"9",.0,"9",1.3,"",.0,"9",.0,"9",0,"",0,"","R",0,"9",0,"9",0,""
"351190465","£”Dè","2018","09","14",19.3,"",14.2,"",15.6,"",13.8,"",2.9,"","W",0,"9",.0,"9",.0,"9",8.3,"",.0,"9",.0,"9",.0,"9",.0,"9",1.2,"",.0,"9",.0,"9",.0,"9",.0,"9",.0,"9",.0,"9",.0,"9",.0,"9",5.5,"",.0,"9",0,"",0,"","R",0,"9",0,"9",0,""
"351190465","£”Dè","2018","09","15",20.4,"",12.3,"",15.4,"",9.5,"",.0,"","W",0,"9",.0,"9",5.9,"",1.8,"",.0,"9",.0,"9",.0,"9",.0,"9",8.3,"",.0,"9",.0,"9",.0,"9",.0,"9",.0,"9",.0,"9",.0,"9",.0,"9",6.8,"",.0,"9",0,"",0,"","R",0,"9",0,"9",0,""
"351190465","£”Dè","2018","09","16",20.0,"",7.2,"",13.1,"",4.8,"",.0,"9","",0,"9",.0,"9",11.0,"",.0,"9",.0,"9",.0,"9",.0,"9",.0,"9",2.8,"",.0,"9",.0,"9",.0,"9",.0,"9",.0,"9",.0,"9",.0,"9",.0,"9",13.0,"",.0,"9",0,"",0,"","R",0,"9",0,"9",0,""
"351190465","£”Dè","2018","09","17",23.4,"",7.2,"",14.8,"",5.6,"",.0,"9","",0,"9",.0,"9",10.7,"",.0,"9",.0,"9",.0,"9",.0,"9",.0,"9",.0,"9",.0,"9",.0,"9",.0,"9",.0,"9",.0,"9",.0,"9",.0,"9",.0,"9",7.0,"",.0,"9",0,"",0,"","R",0,"9",0,"9",0,""
"351190465","£”Dè","2018","09","18",25.6,"",8.5,"",17.1,"",6.2,"",.0,"9","",0,"9",.0,"9",10.6,"",.0,"9",.0,"9",.0,"9",.0,"9",.0,"9",6.3,"",.0,"9",.0,"9",.0,"9",.0,"9",.0,"9",.0,"9",.0,"9",.0,"9",7.0,"",.0,"9",0,"",0,"","R",0,"9",0,"9",0,""
"351190465","£”Dè","2018","09","19",27.3,"",11.3,"",19.6,"",8.3,"",.0,"9","",0,"9",.0,"9",11.4,"",.0,"9",.0,"9",.0,"9",.0,"9",.0,"9",.0,"9",.0,"9",.0,"9",.0,"9",.0,"9",.0,"9",.0,"9",.0,"9",.0,"9",9.0,"",.0,"9",0,"",0,"","R",0,"9",0,"9",0,""
"351190465","£”Dè","2018","09","20",28.8,"",10.8,"",19.0,"",8.5,"",.0,"9","",0,"9",.0,"9",11.2,"",.0,"9",.0,"9",.0,"9",.0,"9",.0,"9",.0,"9",.0,"9",.0,"9",.0,"9",.0,"9",.0,"9",.0,"9",.0,"9",.0,"9",11.5,"",.0,"9",0,"",0,"","R",0,"9",0,"9",0,""
"351190465","£”Dè","2018","09","21",27.2,"",11.3,"",20.0,"",8.9,"",.2,"","W",0,"9",.0,"9",10.4,"",.6,"",.0,"9",.0,"9",.0,"9",.0,"9",5.3,"",.0,"9",.0,"9",.0,"9",.0,"9",.0,"9",.3,"",.0,"9",.0,"9",8.3,"",.0,"9",0,"",0,"","R",0,"9",0,"9",0,""
"351190465","£”Dè","2018","09","22",22.0,"",8.6,"",12.7,"",5.7,"",.4,"","W",0,"9",.0,"9",4.3,"",.7,"",.0,"9",.0,"9",.1,"",.0,"9",.0,"9",.0,"9",.0,"9",.0,"9",.0,"9",.0,"9",.9,"",.0,"9",.0,"9",6.5,"",.0,"9",0,"",0,"","R",0,"9",0,"9",0,""
"351190465","£”Dè","2018","09","23",14.7,"",8.6,"",11.3,"",5.4,"",28.9,"","W",0,"9",.0,"9",.1,"",12.1,"",.0,"9",.0,"9",.0,"9",.0,"9",1.3,"",.0,"9",.0,"9",.0,"9",.0,"9",.0,"9",.0,"9",.0,"9",.0,"9",5.3,"",.0,"9",0,"",0,"","R",0,"9",0,"9",0,""
"351190465","£”Dè","2018","09","24",12.0,"",6.7,"",8.6,"",6.2,"",4.0,"","W",0,"9",.0,"9",1.8,"",7.0,"",.0,"9",.0,"9",.0,"9",.0,"9",.2,"",.0,"9",.0,"9",.0,"9",.0,"9",.0,"9",3.6,"",.0,"9",.0,"9",.0,"9",.0,"9",0,"",0,"","R",0,"9",0,"9",0,""
"351190465","£”Dè","2018","09","25",12.7,"",3.9,"",7.0,"",3.1,"",.1,"","W",0,"9",.0,"9",6.2,"",.3,"",.0,"9",.0,"9",.0,"9",.0,"9",1.5,"",.0,"9",.0,"9",.0,"9",.0,"9",.0,"9",.0,"9",.0,"9",.0,"9",.0,"9",.0,"9",0,"",0,"","R",0,"9",0,"9",0,""
"351190465","£”Dè","2018","09","26",13.2,"",-.9,"",7.8,"",-3.4,"",.0,"","W",0,"9",.0,"9",6.9,"",1.8,"",.0,"9",.0,"9",.0,"9",.0,"9",5.3,"",.0,"9",.0,"9",.0,"9",.0,"9",.0,"9",.2,"",.0,"9",.0,"9",.0,"9",7.0,"",0,"",0,"","R",0,"9",0,"9",0,""
"351190465","£”Dè","2018","09","27",16.4,"",11.1,"",13.5,"",10.5,"",.0,"9","",0,"9",.0,"9",.0,"9",.0,"9",.0,"9",.0,"9",.0,"9",.0,"9",1.2,"",.0,"9",.0,"9",.0,"9",.0,"9",.0,"9",.0,"9",.0,"9",.0,"9",5.5,"",.0,"9",0,"",0,"","R",0,"9",0,"9",0,""
"351190465","£”Dè","2018","09","28",19.2,"",10.5,"",12.9,"",6.4,"",.0,"","W",0,"9",.0,"9",5.5,"",.6,"",.0,"9",.0,"9",.0,"9",.0,"9",.0,"9",.0,"9",.0,"9",.0,"9",.0,"9",.0,"9",.0,"9",.0,"9",.0,"9",8.0,"",.0,"9",0,"",0,"","R",0,"9",0,"9",0,""
"351190465","£”Dè","2018","09","29",14.0,"",1.0,"",6.9,"",-1.0,"",.0,"9","",0,"9",.0,"9",11.0,"",.0,"9",.0,"9",.0,"9",.0,"9",.0,"9",4.5,"",.0,"9",.0,"9",.0,"9",.0,"9",.0,"9",.0,"9",.0,"9",.0,"9",13.0,"",.0,"9",0,"",0,"","R",0,"9",0,"9",0,""
"351190465","£”Dè","2018","09","30",15.3,"",-1.1,"",7.1,"",-3.3,"",.0,"9","",0,"9",.0,"9",11.3,"",.0,"9",.0,"9",.0,"9",.0,"9",.0,"9",6.0,"",.0,"9",.0,"9",.0,"9",.0,"9",.0,"9",.0,"9",.0,"9",.0,"9",7.0,"",.0,"9",0,"",0,"","R",0,"9",0,"9",0,""
"351190465","£”Dè","2018","10","01",16.9,"",-.4,"",8.7,"",-2.9,"",.0,"9","",0,"9",.0,"9",10.0,"",.0,"9",.0,"9",.0,"9",.0,"9",.0,"9",.0,"9",.0,"9",.0,"9",.0,"9",.0,"9",.0,"9",.0,"9",.0,"9",.0,"9",5.5,"",4.5,"",0,"",0,"","R",0,"9",0,"9",0,""
"351190465","£”Dè","2018","10","02",11.5,"",6.9,"",9.3,"",4.8,"",2.0,"","W",0,"9",.0,"9",1.1,"",1.3,"",.0,"9",.0,"9",.0,"9",.0,"9",.0,"9",.0,"9",.0,"9",.0,"9",.0,"9",.0,"9",.0,"9",.0,"9",.0,"9",6.0,"",.0,"9",0,"",0,"","R",0,"9",0,"9",0,""
"351190465","£”Dè","2018","10","03",11.6,"",7.3,"",8.8,"",6.5,"",4.5,"","W",0,"9",.0,"9",2.4,"",4.6,"",.0,"9",.0,"9",.0,"9",.0,"9",.0,"9",.0,"9",.0,"9",.0,"9",.0,"9",.0,"9",4.6,"",.0,"9",.0,"9",.0,"9",.0,"9",0,"",0,"","R",0,"9",0,"9",0,""
"351190465","£”Dè","2018","10","04",13.5,"",5.5,"",8.6,"",4.1,"",.0,"9","",0,"9",.0,"9",5.2,"",.0,"9",.0,"9",.0,"9",.0,"9",.0,"9",.0,"9",.0,"9",.0,"9",.0,"9",.0,"9",.0,"9",.0,"9",.0,"9",.0,"9",5.5,"",.0,"9",0,"",0,"","R",0,"9",0,"9",0,""
"351190465","£”Dè","2018","10","05",18.1,"",5.2,"",11.9,"",2.5,"",.0,"9","",0,"9",.0,"9",7.8,"",.0,"9",.0,"9",.0,"9",.0,"9",.0,"9",.0,"9",.0,"9",.0,"9",.0,"9",.0,"9",.0,"9",.0,"9",.0,"9",.0,"9",14.0,"",.0,"9",0,"",0,"","R",0,"9",0,"9",0,""
"351190465","£”Dè","2018","10","06",20.4,"",7.0,"",13.5,"",3.2,"",.0,"9","",0,"9",.0,"9",10.6,"",.0,"9",.0,"9",.0,"9",.0,"9",.0,"9",.0,"9",.0,"9",.0,"9",.0,"9",.0,"9",.0,"9",.0,"9",.0,"9",.0,"9",7.0,"",.0,"9",0,"",0,"","R",0,"9",0,"9",0,""
"351190465","£”Dè","2018","10","07",21.9,"",10.1,"",14.9,"",7.7,"",.0,"9","",0,"9",.0,"9",5.6,"",.0,"9",.0,"9",.0,"9",.0,"9",.0,"9",.0,"9",.0,"9",.0,"9",.0,"9",.0,"9",.0,"9",.0,"9",.0,"9",.0,"9",7.0,"",.0,"9",0,"",0,"","R",0,"9",0,"9",0,""
"351190465","£”Dè","2018","10","08",12.6,"",3.6,"",7.0,"",.9,"",.0,"9","",0,"9",.0,"9",.2,"",.0,"9",.0,"9",.0,"9",.0,"9",.0,"9",8.2,"",.0,"9",.0,"9",.0,"9",.0,"9",.0,"9",.0,"9",.0,"9",.0,"9",12.0,"",.0,"9",0,"",0,"","R",0,"9",0,"9",0,""
"351190465","£”Dè","2018","10","09",17.2,"",.7,"",8.3,"",-1.6,"",.0,"9","",0,"9",.0,"9",9.7,"",.0,"9",.0,"9",.0,"9",.0,"9",.0,"9",15.1,"",.0,"9",.0,"9",.0,"9",.0,"9",.0,"9",.0,"9",.0,"9",.0,"9",14.5,"",.0,"9",0,"",0,"","Z",1,"",0,"9",0,""
"351190465","£”Dè","2018","10","10",20.6,"",2.4,"",11.7,"",-.1,"",.0,"9","",0,"9",.0,"9",10.3,"",.0,"9",.0,"9",.0,"9",.0,"9",.0,"9",9.5,"",.0,"9",.0,"9",.0,"9",.0,"9",.0,"9",.0,"9",.0,"9",.0,"9",14.2,"",.0,"9",0,"",0,"","R",0,"9",0,"9",0,""
"351190465","£”Dè","2018","10","11",20.9,"",7.3,"",13.3,"",4.0,"",.0,"9","",0,"9",.0,"9",8.2,"",.0,"9",.0,"9",.0,"9",.0,"9",.0,"9",7.8,"",.0,"9",.0,"9",.0,"9",.0,"9",.0,"9",.0,"9",.0,"9",.0,"9",8.0,"",.0,"9",0,"",0,"","R",0,"9",0,"9",0,""
"351190465","£”Dè","2018","10","12",22.6,"",6.0,"",13.5,"",2.8,"",.0,"9","",0,"9",.0,"9",10.1,"",.0,"9",.0,"9",.0,"9",.0,"9",.0,"9",8.4,"",.0,"9",.0,"9",.0,"9",.0,"9",.0,"9",.0,"9",.0,"9",.0,"9",5.0,"",.0,"9",0,"",0,"","R",0,"9",0,"9",0,""
"351190465","£”Dè","2018","10","13",22.2,"",5.0,"",13.3,"",1.7,"",.0,"9","",0,"9",.0,"9",10.1,"",.0,"9",.0,"9",.0,"9",.0,"9",.0,"9",10.6,"",.0,"9",.0,"9",.0,"9",.0,"9",.0,"9",.0,"9",.0,"9",.0,"9",10.0,"",.0,"9",0,"",0,"","R",0,"9",0,"9",0,""
"351190465","£”Dè","2018","10","14",21.3,"",6.0,"",13.4,"",2.1,"",.0,"9","",0,"9",.0,"9",10.1,"",.0,"9",.0,"9",.0,"9",.0,"9",.0,"9",7.5,"",.0,"9",.0,"9",.0,"9",.0,"9",.0,"9",.0,"9",.0,"9",.0,"9",8.3,"",.0,"9",0,"",0,"","R",0,"9",0,"9",0,""
"351190465","£”Dè","2018","10","15",21.5,"",4.5,"",12.4,"",2.3,"",.0,"9","",0,"9",.0,"9",10.7,"",.0,"9",.0,"9",.0,"9",.0,"9",.0,"9",6.8,"",.0,"9",.0,"9",.0,"9",.0,"9",.0,"9",.0,"9",.0,"9",.0,"9",13.5,"",.0,"9",0,"",0,"","R",0,"9",0,"9",0,""
"351190465","£”Dè","2018","10","16",21.0,"",3.3,"",10.9,"",.1,"",.0,"9","",0,"9",.0,"9",7.8,"",.0,"9",.0,"9",.0,"9",.0,"9",.0,"9",12.8,"",.0,"9",.0,"9",.0,"9",.0,"9",.0,"9",.0,"9",.0,"9",.0,"9",8.0,"",.0,"9",0,"",0,"","R",0,"9",0,"9",0,""
"351190465","£”Dè","2018","10","17",21.0,"",4.9,"",12.1,"",2.1,"",.0,"9","",0,"9",.0,"9",6.9,"",.0,"9",.0,"9",.0,"9",.0,"9",.0,"9",11.9,"",.0,"9",.0,"9",.0,"9",.0,"9",.0,"9",.0,"9",.0,"9",.0,"9",8.5,"",.0,"9",0,"",0,"","R",0,"9",0,"9",0,""
"351190465","£”Dè","2018","10","18",19.5,"",7.0,"",12.8,"",4.6,"",.0,"9","",0,"9",.0,"9",6.4,"",.0,"9",.0,"9",.0,"9",.0,"9",.0,"9",13.8,"",.0,"9",.0,"9",.0,"9",.0,"9",.0,"9",.0,"9",.0,"9",.0,"9",13.5,"",.0,"9",0,"",0,"","R",0,"9",0,"9",0,""
"351190465","£”Dè","2018","10","19",13.1,"",7.7,"",10.3,"",5.1,"",.1,"","W",0,"9",.0,"9",.0,"9",.0,"9",.0,"9",.0,"9",.0,"9",2.9,"",21.1,"",.0,"9",.0,"9",.0,"9",.0,"9",.0,"9",.0,"9",.0,"9",.0,"9",5.7,"",.0,"9",0,"",0,"","R",0,"9",0,"9",0,""
"351190465","£”Dè","2018","10","20",11.8,"",5.5,"",9.3,"",3.4,"",1.0,"","W",0,"9",.0,"9",.5,"",3.6,"",.0,"9",.0,"9",.0,"9",4.5,"",9.2,"",.0,"9",.0,"9",.0,"9",.0,"9",.0,"9",.0,"9",.0,"9",.0,"9",1.3,"",.0,"9",0,"",0,"","R",0,"9",0,"9",0,""
"351190465","£”Dè","2018","10","21",12.3,"",3.3,"",6.6,"",1.0,"",.0,"9","",0,"9",.0,"9",6.7,"",.0,"9",.0,"9",.0,"9",.0,"9",7.9,"",5.0,"",.0,"9",.0,"9",.0,"9",.0,"9",.0,"9",.0,"9",.0,"9",.0,"9",1.6,"",.0,"9",0,"",0,"","R",0,"9",0,"9",0,""
"351190465","£”Dè","2018","10","22",11.8,"",.3,"",5.9,"",.2,"",.8,"","W",0,"9",.0,"9",4.6,"",2.0,"",.0,"9",.0,"9",.0,"9",7.9,"",4.3,"",.0,"9",.0,"9",.0,"9",.0,"9",.0,"9",.0,"9",.0,"9",.0,"9",.0,"9",.0,"9",0,"",0,"","R",0,"9",0,"9",0,""
"351190465","£”Dè","2018","10","23",8.7,"",3.3,"",6.4,"",2.5,"",28.9,"","W",0,"9",.0,"9",.0,"9",13.1,"",.0,"9",.0,"9",.0,"9",.0,"9",2.9,"",.0,"9",.0,"9",.0,"9",.0,"9",.0,"9",5.4,"",.0,"9",.0,"9",.0,"9",.0,"9",0,"",0,"","R",0,"9",0,"9",0,""
"351190465","£”Dè","2018","10","24",9.2,"",3.8,"",6.2,"",3.0,"",.1,"","W",0,"9",.0,"9",4.2,"",3.6,"",.0,"9",.0,"9",.0,"9",.0,"9",.0,"9",.0,"9",.0,"9",.0,"9",.0,"9",.0,"9",.2,"",.0,"9",.0,"9",.0,"9",.0,"9",0,"",0,"","R",0,"9",0,"9",0,""
"351190465","£”Dè","2018","10","25",10.5,"",2.3,"",6.9,"",.9,"",9.0,"","W",0,"9",.0,"9",.0,"9",9.9,"",.0,"9",.0,"9",.0,"9",.0,"9",5.0,"",.0,"9",.0,"9",.0,"9",.0,"9",.0,"9",.5,"",.0,"9",.0,"9",.0,"9",.0,"9",0,"",0,"","R",0,"9",0,"9",0,""
"351190465","£”Dè","2018","10","26",10.5,"",7.0,"",8.6,"",6.2,"",.0,"","W",0,"9",.0,"9",1.4,"",1.1,"",.0,"9",.0,"9",.0,"9",.0,"9",.0,"9",.0,"9",.0,"9",.0,"9",.0,"9",.0,"9",.0,"9",.0,"9",.0,"9",.0,"9",.0,"9",0,"",0,"","R",0,"9",0,"9",0,""
"351190465","£”Dè","2018","10","27",11.0,"",6.4,"",8.3,"",5.2,"",.0,"9","",0,"9",.0,"9",.1,"",.0,"9",.0,"9",.0,"9",.0,"9",.0,"9",.0,"9",.0,"9",.0,"9",.0,"9",.0,"9",.0,"9",.0,"9",.0,"9",.0,"9",5.5,"",.0,"9",0,"",0,"","R",0,"9",0,"9",0,""
"351190465","£”Dè","2018","10","28",6.6,"",4.0,"",4.5,"",2.3,"",27.7,"","W",0,"9",.0,"9",.0,"9",17.9,"",.0,"9",.0,"9",.0,"9",.0,"9",14.0,"",.0,"9",.0,"9",.0,"9",.0,"9",.0,"9",.0,"9",.0,"9",.0,"9",.0,"9",.0,"9",0,"",0,"","R",0,"9",0,"9",0,""
"351190465","£”Dè","2018","10","29",9.1,"",3.9,"",6.5,"",3.6,"",1.2,"","W",0,"9",.0,"9",.0,"9",8.2,"",.0,"9",.0,"9",.0,"9",3.2,"",14.9,"",.0,"9",.0,"9",.0,"9",.0,"9",.0,"9",.0,"9",.0,"9",.0,"9",.0,"9",.0,"9",0,"",0,"","R",0,"9",0,"9",0,""
"351190465","£”Dè","2018","10","30",20.2,"",9.1,"",15.9,"",8.9,"",5.3,"","W",0,"9",.0,"9",2.2,"",.8,"",.0,"9",.0,"9",.0,"9",.0,"9",1.3,"",.0,"9",.0,"9",.0,"9",.0,"9",.0,"9",.0,"9",.0,"9",.0,"9",.0,"9",.0,"9",0,"",0,"","R",0,"9",0,"9",0,""
"351190465","£”Dè","2018","10","31",16.7,"",3.0,"",10.7,"",.5,"",.0,"9","",0,"9",.0,"9",8.9,"",.0,"9",.0,"9",.0,"9",.0,"9",.0,"9",4.0,"",.0,"9",.0,"9",.0,"9",.0,"9",.0,"9",.0,"9",.0,"9",.0,"9",6.5,"",.0,"9",0,"",0,"","R",0,"9",0,"9",0,""
"351190465","£”Dè","2018","11","01",16.8,"",4.9,"",11.5,"",2.5,"",.0,"","W",0,"9",.0,"9",8.1,"",.0,"9",.0,"9",.0,"9",.0,"9",.0,"9",.0,"9",.0,"9",.0,"9",.0,"9",.0,"9",.0,"9",.0,"9",.0,"9",.0,"9",7.0,"",.0,"9",0,"",0,"","R",0,"9",0,"9",0,""
"351190465","£”Dè","2018","11","02",17.7,"",7.5,"",11.6,"",4.6,"",.5,"","W",0,"9",.0,"9",6.8,"",.4,"",.0,"9",.0,"9",.0,"9",.0,"9",.0,"9",.0,"9",.0,"9",.0,"9",.0,"9",.0,"9",.0,"9",.0,"9",.0,"9",7.0,"",.0,"9",0,"",0,"","R",0,"9",0,"9",0,""
"351190465","£”Dè","2018","11","03",9.7,"",3.2,"",8.4,"",2.3,"",2.2,"","W",0,"9",.0,"9",.0,"9",10.5,"",.0,"9",.0,"9",.0,"9",.0,"9",17.5,"",.0,"9",.0,"9",.0,"9",.0,"9",.0,"9",.0,"9",.0,"9",.0,"9",3.3,"",.0,"9",0,"",0,"","R",0,"9",0,"9",0,""
"351190465","£”Dè","2018","11","04",11.8,"",8.3,"",10.2,"",8.3,"",.0,"","W",0,"9",.0,"9",.0,"9",2.4,"",.0,"9",.0,"9",.0,"9",.0,"9",17.6,"",.0,"9",.0,"9",.0,"9",.0,"9",.0,"9",.0,"9",.0,"9",.0,"9",.0,"9",.0,"9",0,"",0,"","R",0,"9",0,"9",0,""
"351190465","£”Dè","2018","11","05",13.9,"",10.2,"",11.3,"",7.8,"",.1,"","W",0,"9",.0,"9",4.1,"",.3,"",.0,"9",.0,"9",.0,"9",1.3,"",22.7,"",.0,"9",.0,"9",.0,"9",.0,"9",.0,"9",.0,"9",.0,"9",.0,"9",7.2,"",.0,"9",0,"",0,"","R",0,"9",0,"9",0,""
"351190465","£”Dè","2018","11","06",18.1,"",3.9,"",10.5,"",.8,"",.0,"9","",0,"9",.0,"9",8.6,"",.0,"9",.0,"9",.0,"9",.0,"9",1.7,"",11.3,"",.0,"9",.0,"9",.0,"9",.0,"9",.0,"9",.0,"9",.0,"9",.0,"9",4.0,"",.0,"9",0,"",0,"","R",0,"9",0,"9",0,""
"351190465","£”Dè","2018","11","07",14.1,"",4.5,"",8.4,"",2.3,"",.0,"9","",0,"9",.0,"9",5.7,"",.0,"9",.0,"9",.0,"9",.0,"9",.0,"9",18.2,"",.0,"9",.0,"9",.0,"9",.0,"9",.0,"9",.0,"9",.0,"9",.0,"9",9.0,"",.0,"9",0,"",0,"","R",0,"9",0,"9",0,""
"351190465","£”Dè","2018","11","08",13.1,"",2.4,"",7.0,"",.2,"",.0,"9","",0,"9",.0,"9",6.7,"",.0,"9",.0,"9",.0,"9",.0,"9",6.8,"",13.4,"",.0,"9",.0,"9",.0,"9",.0,"9",.0,"9",.0,"9",.0,"9",.0,"9",12.8,"",.0,"9",0,"",0,"","R",0,"9",0,"9",0,""
"351190465","£”Dè","2018","11","09",9.4,"",2.3,"",6.9,"",.9,"",.0,"9","",0,"9",.0,"9",.0,"9",.0,"9",.0,"9",.0,"9",.0,"9",13.0,"",11.1,"",.0,"9",.0,"9",.0,"9",.0,"9",.0,"9",.0,"9",.0,"9",.0,"9",.0,"9",.0,"9",0,"",0,"","R",0,"9",0,"9",0,""
"351190465","£”Dè","2018","11","10",14.0,"",3.8,"",8.1,"",1.7,"",.0,"9","",0,"9",.0,"9",7.5,"",.0,"9",.0,"9",.0,"9",.0,"9",7.9,"",14.7,"",.0,"9",.0,"9",.0,"9",.0,"9",.0,"9",.0,"9",.0,"9",.0,"9",.0,"9",.0,"9",0,"",0,"","R",0,"9",0,"9",0,""
"351190465","£”Dè","2018","11","11",7.9,"",3.5,"",5.1,"",2.1,"",.0,"9","",0,"9",.0,"9",.6,"",.0,"9",.0,"9",.0,"9",.0,"9",11.9,"",12.1,"",.0,"9",.0,"9",.0,"9",.0,"9",.0,"9",.0,"9",.0,"9",.0,"9",1.8,"",.0,"9",0,"",0,"","R",0,"9",0,"9",0,""
"351190465","£”Dè","2018","11","12",15.5,"",.3,"",7.9,"",-1.5,"",.0,"9","",0,"9",.0,"9",3.4,"",.0,"9",.0,"9",.0,"9",.0,"9",.8,"",17.2,"",.0,"9",.0,"9",.0,"9",.0,"9",.0,"9",.0,"9",.0,"9",.0,"9",.0,"9",.0,"9",0,"",0,"","R",0,"9",0,"9",0,""
"351190465","£”Dè","2018","11","13",16.2,"",6.3,"",10.6,"",2.8,"",1.4,"","W",0,"9",.0,"9",.7,"",3.2,"",.0,"9",.0,"9",.0,"9",.0,"9",14.8,"",.0,"9",.0,"9",.0,"9",.0,"9",.0,"9",.0,"9",.0,"9",.0,"9",9.0,"",.0,"9",0,"",0,"","R",0,"9",0,"9",0,""
"351190465","£”Dè","2018","11","14",10.7,"",7.3,"",8.0,"",7.1,"",.2,"","W",0,"9",.0,"9",.0,"9",4.0,"",.0,"9",.0,"9",.0,"9",.0,"9",11.7,"",.0,"9",.0,"9",.0,"9",.0,"9",.0,"9",.0,"9",.0,"9",.0,"9",.0,"9",.0,"9",0,"",0,"","R",0,"9",0,"9",0,""
"351190465","£”Dè","2018","11","15",9.5,"",4.4,"",7.5,"",1.5,"",.0,"9","",0,"9",.0,"9",.0,"9",.0,"9",.0,"9",.0,"9",.0,"9",.0,"9",8.5,"",.0,"9",.0,"9",.0,"9",.0,"9",.0,"9",.0,"9",.0,"9",.0,"9",.0,"9",.0,"9",0,"",0,"","R",0,"9",0,"9",0,""
"351190465","£”Dè","2018","11","16",7.4,"",2.6,"",4.0,"",2.4,"",.0,"9","",0,"9",.0,"9",.0,"9",.0,"9",.0,"9",.0,"9",.0,"9",.0,"9",.3,"",.0,"9",.0,"9",.0,"9",.0,"9",.0,"9",.0,"9",.0,"9",.0,"9",.0,"9",1.0,"",0,"",0,"","R",0,"9",0,"9",0,""
"351190465","£”Dè","2018","11","17",5.2,"",-5.2,"",-.5,"",-7.9,"",.0,"9","",0,"9",.0,"9",7.9,"",.0,"9",.0,"9",.0,"9",.0,"9",.0,"9",10.8,"",.0,"9",.0,"9",.0,"9",.0,"9",.0,"9",.0,"9",.0,"9",.0,"9",.0,"9",15.0,"",0,"",0,"","Z",9,"",0,"9",0,""
"351190465","£”Dè","2018","11","18",-.2,"",-8.4,"",-3.2,"",-10.7,"",.3,"","S",0,"9",.0,"9",.9,"",.1,"",4.4,"",.0,"9",.0,"9",4.2,"",19.8,"",.0,"9",.1,"",.0,"9",.0,"9",.0,"9",.0,"9",.0,"9",.0,"9",.0,"9",13.0,"",0,"",0,"","Z",11,"",0,"9",0,""
"351190465","£”Dè","2018","11","19",2.1,"",-.7,"",1.4,"",-.6,"",.0,"","S",0,"9",.0,"9",.0,"9",1.3,"",7.7,"",2.5,"",.0,"9",.0,"9",6.3,"",.0,"9",.0,"9",.0,"9",.0,"9",.0,"9",.0,"9",.0,"9",.0,"9",.0,"9",.0,"9",0,"",0,"","",0,"9",0,"9",0,""
"351190465","£”Dè","2018","11","20",2.0,"",-.6,"",.4,"",-.7,"",.0,"9","",0,"9",.0,"9",5.6,"",.0,"9",1.6,"",.0,"9",.0,"9",.0,"9",.0,"9",.0,"9",.0,"9",.0,"9",.0,"9",.0,"9",.8,"",.0,"9",.0,"9",.0,"9",.0,"9",0,"",0,"","Z",6,"",0,"9",0,""
"351190465","£”Dè","2018","11","21",.8,"",-1.1,"",-.4,"",-1.1,"",.0,"9","",0,"9",.0,"9",.0,"9",.0,"9",.0,"9",.0,"9",.0,"9",.0,"9",.0,"9",.0,"9",.0,"9",.0,"9",.0,"9",.0,"9",.0,"9",.0,"9",.0,"9",.0,"9",.0,"9",0,"",0,"","Z",6,"",0,"9",0,""
"351190465","£”Dè","2018","11","22",.2,"",-4.0,"",-.7,"",-6.2,"",.0,"9","",0,"9",.0,"9",.0,"9",.0,"9",.0,"9",.0,"9",.0,"9",.0,"9",7.5,"",.0,"9",.0,"9",.0,"9",.0,"9",.0,"9",.0,"9",.0,"9",.0,"9",.0,"9",.0,"9",0,"",0,"","Z",5,"",0,"9",0,""
"351190465","£”Dè","2018","11","23",1.6,"",-2.4,"",-.4,"",-2.2,"",.0,"9","",0,"9",.0,"9",1.0,"",.0,"9",.0,"9",.0,"9",.0,"9",.0,"9",24.0,"",.0,"9",.0,"9",.0,"9",.0,"9",.0,"9",.0,"9",.0,"9",.0,"9",.0,"9",.0,"9",0,"",0,"","Z",7,"",0,"9",0,""
"351190465","£”Dè","2018","11","24",3.3,"",-.1,"",1.7,"",.1,"",.0,"","W",0,"9",.0,"9",.0,"9",4.9,"",.0,"9",.0,"9",.0,"9",2.3,"",21.7,"",.0,"9",.0,"9",.0,"9",.0,"9",.0,"9",.0,"9",.0,"9",.0,"9",.0,"9",.0,"9",0,"",0,"","R",0,"9",0,"9",0,""
"351190465","£”Dè","2018","11","25",7.7,"",2.0,"",4.2,"",.5,"",.0,"","W",0,"9",.0,"9",.8,"",.5,"",.0,"9",.0,"9",.0,"9",3.8,"",20.2,"",.0,"9",.0,"9",.0,"9",.0,"9",.0,"9",.0,"9",.0,"9",.0,"9",.0,"9",.0,"9",0,"",0,"","R",0,"9",0,"9",0,""
"351190465","£”Dè","2018","11","26",5.3,"",-1.1,"",.9,"",-1.0,"",.0,"","W",0,"9",.0,"9",.0,"9",1.6,"",.0,"9",.0,"9",.0,"9",.8,"",15.7,"",.0,"9",.0,"9",.0,"9",.0,"9",.0,"9",.0,"9",.0,"9",.0,"9",.0,"9",.0,"9",0,"",0,"","R",0,"9",0,"9",0,""
"351190465","£”Dè","2018","11","27",.0,"",-5.2,"",-2.6,"",-7.8,"",.0,"","S",0,"9",.0,"9",.6,"",.0,"9",.0,"9",.0,"9",.0,"9",.0,"9",12.1,"",.0,"9",.0,"9",.0,"9",.0,"9",.0,"9",.0,"9",.0,"9",.0,"9",.0,"9",13.0,"",0,"",0,"","",10,"",0,"9",0,""
"351190465","£”Dè","2018","11","28",1.1,"",-5.2,"",-1.4,"",-8.6,"",.0,"9","",0,"",.0,"9",1.9,"",.0,"9",.4,"",.0,"9",.0,"9",.0,"9",16.8,"",.0,"9",.0,"9",.0,"9",.0,"9",.0,"9",.0,"9",.0,"9",.0,"9",.0,"9",7.1,"",0,"",0,"","Z",7,"",0,"9",0,""
"351190465","£”Dè","2018","11","29",-.8,"",-6.7,"",-4.4,"",-7.4,"",.0,"9","",0,"9",.0,"9",7.3,"",.0,"9",.0,"9",.0,"9",.0,"9",.0,"9",6.4,"",.0,"9",.0,"9",.0,"9",.0,"9",.0,"9",.0,"9",.0,"9",.0,"9",.0,"9",12.0,"",0,"",0,"","Z",15,"",0,"9",0,""
"351190465","£”Dè","2018","11","30",-1.1,"",-6.4,"",-4.9,"",-7.2,"",.0,"9","",0,"9",.0,"9",6.6,"",.0,"9",.0,"9",.0,"9",.0,"9",.0,"9",.0,"9",.0,"9",.0,"9",.0,"9",.0,"9",.0,"9",.0,"9",.0,"9",.0,"9",.0,"9",6.0,"",0,"",0,"","Z",18,"",0,"9",0,""
"351190465","£”Dè","2018","12","01",-1.8,"",-11.2,"",-5.6,"",-12.7,"",.0,"","S",0,"9",.0,"9",6.5,"",.5,"",.7,"",.0,"9",.0,"9",1.4,"",12.6,"",.0,"9",6.4,"",.0,"9",.0,"9",5.9,"",.0,"9",.0,"9",.0,"9",.0,"9",9.0,"",0,"",0,"","",20,"",0,"9",0,""
"351190465","£”Dè","2018","12","02",3.2,"",-2.0,"",1.2,"",-2.8,"",1.5,"","W",0,"9",.0,"9",1.7,"",5.9,"",.0,"9",.0,"9",.0,"9",.3,"",13.7,"",.0,"9",9.5,"",.0,"9",.0,"9",.0,"9",.0,"9",.0,"9",.0,"9",.0,"9",.0,"9",0,"",0,"","Z",18,"",0,"9",0,""
"351190465","£”Dè","2018","12","03",6.7,"",2.0,"",4.9,"",1.7,"",.9,"","W",0,"9",.0,"9",.1,"",8.2,"",.0,"9",.0,"9",.0,"9",.0,"9",13.5,"",.0,"9",.0,"9",.0,"9",.0,"9",.0,"9",.0,"9",.0,"9",.0,"9",.0,"9",.0,"9",0,"",0,"","R",0,"9",0,"9",0,""
"351190465","£”Dè","2018","12","04",8.0,"",3.1,"",5.4,"",1.6,"",4.6,"","W",0,"9",.0,"9",.0,"9",7.5,"",.0,"9",.0,"9",.0,"9",.0,"9",11.2,"",.0,"9",.0,"9",.0,"9",.0,"9",.0,"9",.0,"9",.0,"9",.0,"9",.0,"9",.0,"9",0,"",0,"","R",0,"9",0,"9",0,""
"351190465","£”Dè","2018","12","05",3.4,"",-1.8,"",.3,"",-4.2,"",.0,"9","",0,"9",.0,"9",3.9,"",.0,"9",.0,"9",.0,"9",.0,"9",.0,"9",8.5,"",.0,"9",.0,"9",.0,"9",.0,"9",.0,"9",.0,"9",.0,"9",.0,"9",.0,"9",.0,"9",0,"",0,"","Z",9,"",0,"9",0,""
"351190465","£”Dè","2018","12","06",2.2,"",-5.9,"",-.6,"",-8.1,"",.4,"","S",0,"9",.0,"9",.7,"",2.8,"",1.0,"",1.1,"",.0,"9",.7,"",12.0,"",9.4,"",.0,"9",.0,"9",.0,"9",.0,"9",.0,"9",.0,"9",.0,"9",.0,"9",.0,"9",0,"",0,"","Z",13,"",0,"9",0,""
"351190465","£”Dè","2018","12","07",7.7,"",1.2,"",5.1,"",1.0,"",7.6,"","W",0,"9",.0,"9",.0,"9",19.7,"",.0,"9",.0,"9",.0,"9",.0,"9",24.0,"",.0,"9",.0,"9",.0,"9",.0,"9",.0,"9",.0,"9",.0,"9",.0,"9",.0,"9",.0,"9",0,"",0,"","R",0,"9",0,"9",0,""
"351190465","£”Dè","2018","12","08",7.8,"",5.1,"",6.5,"",4.1,"",1.0,"","W",0,"9",.0,"9",2.4,"",7.0,"",.0,"9",.0,"9",.0,"9",.0,"9",6.9,"",.0,"9",.0,"9",.0,"9",.0,"9",.0,"9",.7,"",.0,"9",.0,"9",.0,"9",.0,"9",0,"",0,"","R",0,"9",0,"9",0,""
"351190465","£”Dè","2018","12","09",6.7,"",3.7,"",5.5,"",2.7,"",11.4,"","W",0,"9",.0,"9",.0,"9",9.0,"",.0,"9",.0,"9",.0,"9",.0,"9",.8,"",.0,"9",.0,"9",.0,"9",.0,"9",.0,"9",.0,"9",.0,"9",.0,"9",.0,"9",.0,"9",0,"",0,"","R",0,"9",0,"9",0,""
"351190465","£”Dè","2018","12","10",6.1,"",2.3,"",3.6,"",1.8,"",1.2,"","S",0,"9",.0,"9",.3,"",7.4,"",.2,"",.0,"9",.0,"9",.0,"9",.0,"9",.0,"9",.0,"9",.0,"9",.0,"9",.0,"9",.3,"",.0,"9",.0,"9",.0,"9",.0,"9",0,"",0,"","R",0,"9",0,"9",0,""
"351190465","£”Dè","2018","12","11",3.1,"",.3,"",1.4,"",-.2,"",1.0,"","S",0,"9",.0,"9",.0,"9",3.0,"",3.0,"",3.4,"",.0,"9",.5,"",16.4,"",.0,"9",.0,"9",.0,"9",.0,"9",.0,"9",.0,"9",.0,"9",.0,"9",.0,"9",.0,"9",0,"",0,"","R",0,"9",0,"9",0,""
"351190465","£”Dè","2018","12","12",1.8,"",-1.0,"",.4,"",-2.7,"",.7,"","S",2,"",.0,"9",4.3,"",.0,"9",7.7,"",.0,"9",.0,"9",.0,"9",20.1,"",.0,"9",.0,"9",.0,"9",.0,"9",.0,"9",.0,"9",.0,"9",.0,"9",.0,"9",3.6,"",1,"",0,"","R",0,"9",0,"9",0,""
"351190465","£”Dè","2018","12","13",.7,"",-.6,"",.0,"",-.6,"",.0,"","S",0,"9",.0,"9",.0,"9",.0,"9",8.5,"",.0,"9",.0,"9",.0,"9",11.9,"",.0,"9",.0,"9",.0,"9",.0,"9",.0,"9",.0,"9",.0,"9",.0,"9",.0,"9",.0,"9",0,"",0,"","",0,"9",0,"9",0,""
"351190465","£”Dè","2018","12","14",-.3,"",-1.2,"",-.8,"",-1.2,"",.0,"","S",0,"9",.0,"9",.0,"9",.0,"9",8.4,"",.0,"9",.0,"9",.0,"9",8.5,"",.0,"9",.0,"9",.0,"9",.0,"9",.0,"9",.0,"9",.0,"9",.0,"9",.0,"9",.0,"9",0,"",0,"","",8,"",0,"9",0,""
"351190465","£”Dè","2018","12","15",.3,"",-1.2,"",-.3,"",-1.7,"",.7,"","S",0,"",.0,"9",.0,"9",.0,"9",6.4,"",.0,"9",.0,"9",.0,"9",10.8,"",.0,"9",.0,"9",.0,"9",.0,"9",.0,"9",.0,"9",.0,"9",.0,"9",.0,"9",.0,"9",0,"",0,"","Z",7,"",0,"9",0,""
"351190465","£”Dè","2018","12","16",-.6,"",-3.1,"",-2.0,"",-4.1,"",.0,"","S",4,"",.0,"9",.0,"9",.0,"9",12.2,"",.0,"9",.0,"9",.0,"9",19.5,"",.0,"9",.0,"9",.0,"9",.0,"9",.0,"9",.0,"9",.0,"9",.0,"9",.0,"9",.0,"9",1,"",0,"","",9,"",0,"9",0,""
"351190465","£”Dè","2018","12","17",-1.6,"",-7.4,"",-3.6,"",-12.3,"",.0,"9","",3,"",.0,"9",1.0,"",.0,"9",.0,"9",.0,"9",.0,"9",.0,"9",24.0,"",.0,"9",.0,"9",.0,"9",.0,"9",.0,"9",.0,"9",.0,"9",.0,"9",.0,"9",4.0,"",1,"",0,"","Z",10,"",0,"9",0,""
"351190465","£”Dè","2018","12","18",.6,"",-3.9,"",-.7,"",-5.8,"",.0,"9","",1,"",.0,"9",.0,"9",.0,"9",.0,"9",.0,"9",.0,"9",4.0,"",20.0,"",.0,"9",.0,"9",.0,"9",.0,"9",.0,"9",.0,"9",.0,"9",.0,"9",.0,"9",.0,"9",1,"",0,"","Z",8,"",0,"9",0,""
"351190465","£”Dè","2018","12","19",-.1,"",-3.8,"",-2.5,"",-5.7,"",.0,"9","",1,"",.0,"9",.0,"9",.0,"9",.0,"9",.0,"9",.0,"9",.0,"9",23.2,"",.0,"9",.0,"9",.0,"9",.0,"9",.0,"9",.0,"9",.0,"9",.0,"9",.0,"9",.0,"9",1,"",0,"","Z",10,"",0,"9",0,""
"351190465","£”Dè","2018","12","20",-1.5,"",-4.9,"",-2.9,"",-5.5,"",2.1,"","S",1,"",.0,"9",.0,"9",.0,"9",6.2,"",1.7,"",.0,"9",.0,"9",24.0,"",.0,"9",.0,"9",.0,"9",.0,"9",.0,"9",.0,"9",.0,"9",.0,"9",.0,"9",9.0,"",1,"",0,"","Z",11,"",0,"9",0,""
"351190465","£”Dè","2018","12","21",3.1,"",-2.1,"",1.8,"",-2.1,"",5.0,"","W",3,"",.0,"9",.3,"",8.7,"",.0,"9",1.3,"",.0,"9",.0,"9",24.0,"",.0,"9",.0,"9",.0,"9",.0,"9",.0,"9",.0,"9",.0,"9",.0,"9",.0,"9",.0,"9",1,"",0,"","Z",5,"",0,"9",0,""
"351190465","£”Dè","2018","12","22",7.7,"",2.3,"",5.5,"",2.0,"",.3,"","W",0,"9",.0,"9",.0,"9",4.1,"",.0,"9",.0,"9",.0,"9",.0,"9",.8,"",.0,"9",.0,"9",.0,"9",.0,"9",.0,"9",6.0,"",.0,"9",.0,"9",.0,"9",.0,"9",0,"",0,"","R",0,"9",0,"9",0,""
"351190465","£”Dè","2018","12","23",5.0,"",1.9,"",3.5,"",1.5,"",2.4,"","W",0,"9",.0,"9",.0,"9",10.0,"",.0,"9",.0,"9",.0,"9",.0,"9",4.9,"",.0,"9",.0,"9",.0,"9",.0,"9",.0,"9",.0,"9",.0,"9",.0,"9",.0,"9",.0,"9",0,"",0,"","R",0,"9",0,"9",0,""
"351190465","£”Dè","2018","12","24",5.2,"",-.9,"",.3,"",-.9,"",.3,"","S",0,"9",.0,"9",.0,"9",1.7,"",14.1,"",.2,"",.0,"9",.0,"9",.0,"9",.0,"9",.0,"9",.0,"9",.0,"9",.0,"9",.0,"9",.0,"9",.0,"9",.0,"9",.0,"9",0,"",0,"","R",0,"9",0,"9",0,""
"351190465","£”Dè","2018","12","25",3.5,"",-1.1,"",1.0,"",-1.2,"",7.0,"","S",0,"9",.0,"9",.0,"9",5.3,"",7.9,"",1.9,"",.0,"9",.6,"",9.2,"",.0,"9",.0,"9",.0,"9",.0,"9",.0,"9",.0,"9",.0,"9",.0,"9",.0,"9",.0,"9",0,"",0,"","Z",6,"",0,"9",0,""
"351190465","£”Dè","2018","12","26",4.5,"",2.8,"",3.5,"",2.5,"",.8,"","W",0,"9",.0,"9",.0,"9",9.2,"",.0,"9",.0,"9",.0,"9",.0,"9",3.7,"",.0,"9",.0,"9",.0,"9",.0,"9",.0,"9",.0,"9",.0,"9",.0,"9",.0,"9",.0,"9",0,"",0,"","R",0,"9",0,"9",0,""
"351190465","£”Dè","2018","12","27",6.2,"",3.1,"",4.8,"",2.7,"",2.0,"","W",0,"9",.0,"9",.0,"9",14.5,"",.0,"9",.0,"9",.0,"9",.0,"9",20.5,"",.0,"9",.0,"9",.0,"9",.0,"9",.0,"9",.0,"9",.0,"9",.0,"9",.0,"9",.0,"9",0,"",0,"","R",0,"9",0,"9",0,""
"351190465","£”Dè","2018","12","28",6.0,"",4.6,"",5.0,"",4.3,"",1.8,"","W",0,"9",.0,"9",.0,"9",10.6,"",.0,"9",.0,"9",.0,"9",.0,"9",11.3,"",.0,"9",.0,"9",.0,"9",.0,"9",.0,"9",.0,"9",.0,"9",.0,"9",.0,"9",.0,"9",0,"",0,"","R",0,"9",0,"9",0,""
"351190465","£”Dè","2018","12","29",5.0,"",3.3,"",4.2,"",3.1,"",1.7,"","W",0,"9",.0,"9",.0,"9",14.4,"",.0,"9",.0,"9",.0,"9",.0,"9",14.3,"",.0,"9",.0,"9",.0,"9",.0,"9",.0,"9",.0,"9",.0,"9",.0,"9",.0,"9",.0,"9",0,"",0,"","R",0,"9",0,"9",0,""
"351190465","£”Dè","2018","12","30",5.1,"",3.0,"",3.8,"",2.9,"",7.7,"","W",0,"9",.0,"9",.0,"9",17.8,"",.0,"9",.0,"9",.0,"9",.0,"9",15.9,"",.0,"9",.0,"9",.0,"9",.0,"9",.0,"9",.0,"9",.0,"9",.0,"9",.0,"9",.0,"9",0,"",0,"","R",0,"9",0,"9",0,""
"351190465","£”Dè","2018","12","31",3.8,"",1.7,"",2.2,"",1.5,"",.2,"","W",0,"9",.0,"9",.0,"9",3.3,"",.0,"9",.0,"9",.0,"9",.0,"9",6.2,"",.0,"9",.0,"9",.0,"9",.0,"9",.0,"9",.0,"9",.0,"9",.0,"9",.0,"9",.0,"9",0,"",0,"","R",0,"9",0,"9",0,""
